"677520880398831616","Thu Dec 17 16:09:00 2015",39,130,"@nassefi humbled"
"677362811551354880","Thu Dec 17 05:40:53 2015",145,0,"RT @NYTScience: On her first day in a lab in 1944, Evelyn Witkin made a significant DNA-related discovery https:\/\/t.co\/G1zrqYxq3L https:\/\/t‚Ä¶"
"676632965342826497","Tue Dec 15 05:20:44 2015",82,368,"Congrats to the amazing @serenawilliams on SI Sportsperson of the Year. Keep shattering glass ceilings #ironsisters https:\/\/t.co\/DSu2znq3eV"
"675873210764673024","Sun Dec 13 03:01:45 2015",19,83,"@LarryFitzgerald worth giving everything to fight for no matter what it takes"
"675525397652500480","Sat Dec 12 03:59:40 2015",77,0,"RT @theranos: When you walk in for a Theranos lab test, we treat you as we‚Äôd like to be treated. As a guest, not a number.\nhttps:\/\/t.co\/H4C‚Ä¶"
"675525366753005568","Sat Dec 12 03:59:32 2015",17,0,"RT @theranos: ‚ÄúTheranos technicians genuinely care about their guests‚Äô experience.‚Äù See Mark‚Äôs story &gt; https:\/\/t.co\/GCDcr7KMay https:\/\/t.co‚Ä¶"
"675522112518406145","Sat Dec 12 03:46:36 2015",53,0,"RT @StevenLevy: Fantastic look at \"Mystery of Ada (Lovelace)\" by literary\/math detective @stephen_wolfram. https:\/\/t.co\/EWjenbo5Yq (correc‚Ä¶"
"675511162767708160","Sat Dec 12 03:03:06 2015",56,0,"RT @amhistorymuseum: A one-minute video about Grace Hopper, a trailblazing computer programmer AND a Rear Admiral in the U.S. Navy: https:\/‚Ä¶"
"675105696216686592","Fri Dec 11 00:11:55 2015",178,445,"Health is a basic human right, for every single person. #HumanRightsDay https:\/\/t.co\/RNV8jqYwEf"
"675037061607501826","Thu Dec 10 19:39:11 2015",136,341,"On this day in 1948, an incredible woman helped establish the Universal Declaration of Human Rights. #HumanRightsDay https:\/\/t.co\/aoep9MhozN"
"674996681813975040","Thu Dec 10 16:58:44 2015",4,28,"@ethanjweiss you are welcome to come do a test. Our team will follow up. look forward to it."
"674438740132143109","Wed Dec 09 04:01:40 2015",24,97,"Very special meeting with amazing providers we have the privilege of serving in Arizona. #theranos https:\/\/t.co\/Ssr8ofmWOH"
"674299695636852736","Tue Dec 08 18:49:09 2015",5,23,"@DElEraqy @theranos so proud of what you all are doing and what you stand for. #ironsisters"
"673646284150996992","Sun Dec 06 23:32:44 2015",40,123,"Congrats @LarryFitzgerald for this incredible new record: youngest receiver ever with 1,000 catches"
"672595782692835329","Fri Dec 04 01:58:25 2015",32,122,"History. #BreakingGlassCeilings \n\nhttps:\/\/t.co\/Q2raKEXfpw"
"672584291075817472","Fri Dec 04 01:12:45 2015",42,137,"My heart is w\/the families of #SanBernadino. We cannot be desensitized. Horror &amp; violence cannot be our new normal. #HateWontWin"
"672551140546973696","Thu Dec 03 23:01:01 2015",17,0,"RT @CCInnovations: RT @theranos: We‚Äôre going to be beaten up as many times as it takes to be the change in the world - @eholmes2003 #MIS201‚Ä¶"
"672208872409534464","Thu Dec 03 00:20:58 2015",26,0,"RT @theranos: With early detection and access to therapy, the fight against AIDS has made huge progress. #WorldAIDSDay #WAD2015 https:\/\/t.c‚Ä¶"
"672208794429095936","Thu Dec 03 00:20:40 2015",15,0,"RT @theranos: In honor of #WorldAIDSDay, we‚Äôre proud to support @auntritas RED Brunch to raise funds for HIV\/AIDS service organizations in ‚Ä¶"
"672208712187183105","Thu Dec 03 00:20:20 2015",25,0,"RT @theranos: Our technicians shared their stories about why they got into the business of helping others: https:\/\/t.co\/9vEXbUKaVp https:\/\/‚Ä¶"
"671939385458221056","Wed Dec 02 06:30:08 2015",58,151,"On this day 60 years ago, a brave woman stood for what she believed in and changed the world. #RosaParks #ironsisters"
"671930084912062464","Wed Dec 02 05:53:10 2015",34,90,"Envisioning a future where early detection, access to therapy &amp; individual empowerment will #endAIDS. #WorldAIDSDay https:\/\/t.co\/zIbvKj5a13"
"671929157509513216","Wed Dec 02 05:49:29 2015",775,0,"RT @melindagates: Happy #GivingTuesday! Share this video &amp; @RED will provide 10 days of life-saving HIV treatment. #WorldAIDSDay https:\/\/t.‚Ä¶"
"671927216930885632","Wed Dec 02 05:41:46 2015",11,24,"@sumitupco doing what you love and never never never giving up"
"671732556484636672","Tue Dec 01 16:48:16 2015",13,0,"RT @theranos: ‚ÄúIt‚Äôs an honor and a great feeling to help people.‚Äù Read Alvaro‚Äôs story &gt; https:\/\/t.co\/9GxbSFPOoh https:\/\/t.co\/Mhya75vmsg"
"671549861557239810","Tue Dec 01 04:42:18 2015",7,21,"@Rogeema so proud. Woman by woman we will change our world. Can't wait to see what they do. #ironsisters"
"671549635823931392","Tue Dec 01 04:41:24 2015",25,114,"Our mission is a mission worth fighting for https:\/\/t.co\/W4jWQpkSQA"
"671073698644811776","Sun Nov 29 21:10:12 2015",15,0,"RT @theranos: Thankful for a truly extraordinary team of Theranos technicians. https:\/\/t.co\/J7YWex3E3n"
"671020661947543553","Sun Nov 29 17:39:27 2015",28,0,"RT @patricktoneill: No other lab company submits its tests to the #FDA. David Boies Defends #Theranos After FDA Report https:\/\/t.co\/MOHQ3jv‚Ä¶"
"670110779408936960","Fri Nov 27 05:23:54 2015",6,18,"@Jmkillion63 you too ---"
"669695998596288513","Thu Nov 26 01:55:43 2015",16,0,"RT @CCInnovations: Did you miss out on @eholmes2003 keynote with @TobyCosgroveMD at #MIS2015? Watch it here | https:\/\/t.co\/bitwJISnR1"
"669383145515454464","Wed Nov 25 05:12:33 2015",40,132,"So wonderful to see @melindagates recognized for her incredible work. When women help women, change happens @forbes https:\/\/t.co\/X4S0FKlBkc"
"668952485998956545","Tue Nov 24 00:41:15 2015",18,67,"We couldn't agree more https:\/\/t.co\/vLxW4o3TVL"
"667089889163280384","Wed Nov 18 21:19:58 2015",32,86,".@POTUS calls SV ‚Äúthe birthplace of modern innovation.‚Äù Looking forward to welcoming global innovators to #GES2016. https:\/\/t.co\/XO3M9eYsxe"
"667008982108606464","Wed Nov 18 15:58:28 2015",37,86,"This is who we are. #theranos https:\/\/t.co\/aU9ly0o8Kt"
"666748069673885700","Tue Nov 17 22:41:42 2015",16,21,"@CMEGroup your commitment to innovation is very special"
"666736490559504385","Tue Nov 17 21:55:41 2015",10,14,"@LeloBurti thanks for your note"
"666733399797866497","Tue Nov 17 21:43:24 2015",28,61,"Honored &amp; humbled by @CMEGroup, thr celebrtn of #innovation, &amp; Leo Melameds amazing words. #ChangeTheWorld #theranos https:\/\/t.co\/T5UQLr4dlw"
"666408873994027008","Tue Nov 17 00:13:51 2015",108,224,"From a woman, physicist, and chemist who changed the world of science forever. #STEM #MondayMotivation #ironsisters https:\/\/t.co\/nxRMLDWgET"
"665988019053162496","Sun Nov 15 20:21:31 2015",18,0,"RT @johnolilly: New session of CS183C is up, with @chrisyeh interviewing @eholmes2003 of Theranos about scaling a health company. https:\/\/t‚Ä¶"
"665916298111549443","Sun Nov 15 15:36:32 2015",4,10,"@staley_troy we're working on it"
"665438969946087425","Sat Nov 14 07:59:48 2015",50,158,"my heart and mind and prayers are with the people of Paris. #PrayForParis #HateWontWin"
"665186367333203968","Fri Nov 13 15:16:03 2015",5,13,"@bhagwanUCLA @uclaanderson we'll stay in touch - look forward to doing so in future ---"
"665012304388292608","Fri Nov 13 03:44:23 2015",231,0,"RT @jeancase: Social Entrepreneurs can relate to this recruiting ad for 1914 Antarctica Expedition #Shackleton #BeFearless https:\/\/t.co\/yB0‚Ä¶"
"665010572820283392","Fri Nov 13 03:37:30 2015",14,0,"RT @THFFernando: @eholmes2003 and @theranos remind me of so many inventors and entrepreneurs who disrupted industries in favor of MILLIONS."
"665010572665028608","Fri Nov 13 03:37:30 2015",16,0,"RT @THFFernando: Looking forward to see @eholmes2003 and @theranos prevail and make a difference to MILLIONS of people all over the world a‚Ä¶"
"664833831531245569","Thu Nov 12 15:55:12 2015",27,81,"Our Wellness Centers are made wonderful by our technicians who work there to make a difference in the lives of many. https:\/\/t.co\/tjBfNnnr1d"
"664252711215460352","Wed Nov 11 01:26:02 2015",13,0,"RT @nmaggie92: Another great experience @theranos today! Thank you to all staff and @eholmes2003 for making it possible. Innovators are al‚Ä¶"
"664026316233170944","Tue Nov 10 10:26:25 2015",21,74,"No words to describe the strength and heroism of the women from charleston. You have changed our world. #HateWontWin"
"664023651549888512","Tue Nov 10 10:15:50 2015",16,0,"RT @GirlBeHeard: There's a special place in hell for woman who don't help other woman @eholmes2003 @glamourmag #GlamourWOTY25 #EveryWomanC‚Ä¶"
"664023606519812096","Tue Nov 10 10:15:39 2015",31,0,"RT @glamourmag: \"This is such a symbol of women helping other women to change the world.\" -@eholmes2003 #GlamourWOTY25"
"664023567638634496","Tue Nov 10 10:15:30 2015",33,0,"RT @glamourmag: \"Do everything you can to be the best in science and math and engineering.\" - @eholmes2003 to young women. #GlamourWOTY25"
"664023385500946432","Tue Nov 10 10:14:46 2015",18,49,"Incredibly inspired by these amazing women. https:\/\/t.co\/EyVvwcpUHD"
"663504843944759296","Sun Nov 08 23:54:16 2015",5,12,"@LPodratz what a powerful quote. Such a special group of people in that meeting"
"662680347771977728","Fri Nov 06 17:18:01 2015",4,14,"@mccannatron we'll take a look. I loved being with you all"
"662680145065472000","Fri Nov 06 17:17:13 2015",5,13,"@chrisyeh @reidhoffman it was a wonderful class"
"662521117672800257","Fri Nov 06 06:45:18 2015",25,0,"RT @theranos: Our statement on today's news https:\/\/t.co\/UjbPBDXtAj"
"662491111093460993","Fri Nov 06 04:46:04 2015",27,69,"Awesome group of people. @reidhoffman @chrisyeh #theranos #cs183c #Stanford https:\/\/t.co\/mgdXEHfinw"
"662135262789566464","Thu Nov 05 05:12:03 2015",4,7,"@tpschaer thanks for this. Please email us at info@theranos.com"
"661783176503627776","Wed Nov 04 05:52:59 2015",4,12,"@mariamenounos @SIRIUSXM I look forward to it"
"661558117763682305","Tue Nov 03 14:58:41 2015",29,81,"Humbled and honored to be among this group of extraordinary women. #EveryWomanCan #GlamourWOTY25 #ironsisters https:\/\/t.co\/Ot8j7A0C2p"
"661433643026399232","Tue Nov 03 06:44:03 2015",4,8,"@jawadnabulsi very special group of students"
"661382647436869632","Tue Nov 03 03:21:25 2015",5,8,"@pdogg2323 humbled by this"
"661382251536519168","Tue Nov 03 03:19:51 2015",30,0,"RT @theranos: ‚ÄúWe strive to make lab testing better and more humane‚Äù@eholmes2003 at #FortuneGlobal https:\/\/t.co\/TBqCyrMk27"
"661382204744843268","Tue Nov 03 03:19:40 2015",26,0,"RT @theranos: ‚ÄúLow cost access changes everything‚Äù @eholmes2003 at #FortuneGlobal https:\/\/t.co\/TBqCyrMk27"
"661382100130529282","Tue Nov 03 03:19:15 2015",11,0,"RT @nitashatiku: \"It's been an amazing thing\" how Silicon Valley reached out to say \"We've seen this before, how can we help you\" @eholmes2‚Ä¶"
"661382024087793664","Tue Nov 03 03:18:57 2015",18,0,"RT @theranos: ‚ÄúWe‚Äôve got phenomenal people that I‚Äôve had the privilege of hiring‚Äù @eholmes2003 at #FortuneGlobal https:\/\/t.co\/TBqCyrMk27"
"661381920782094337","Tue Nov 03 03:18:32 2015",25,0,"RT @theranos: ‚ÄúWe chose to jump into this FDA world‚Ä¶knowing this would be hard‚Äù @eholmes2003 at #FortuneGlobal https:\/\/t.co\/TBqCyrMk27"
"660139248872325121","Fri Oct 30 17:00:36 2015",156,199,"#lifeofpurpose #theranos https:\/\/t.co\/lbrmWGH2Xm"
"659968313359863808","Fri Oct 30 05:41:22 2015",5,10,"@eoko123 absolutely"
"659596295930167296","Thu Oct 29 05:03:06 2015",44,0,"RT @theranos: Theranos statement on FDA review: https:\/\/t.co\/q7QrJGE91j"
"659547947722493954","Thu Oct 29 01:50:59 2015",7,13,"@CableWiFi @CoxComm inspired by the incredible engineers and people there."
"658820935206752256","Tue Oct 27 01:42:05 2015",8,26,"Thanks @daniel_dudley. Wonderful note"
"658816606605307905","Tue Oct 27 01:24:53 2015",72,0,"RT @theranos: We‚Äôre going to be beaten up as many times as it takes to be the change in the world - @eholmes2003 #MIS2015"
"658815872115548160","Tue Oct 27 01:21:58 2015",39,94,"Honored to be with @TobyCosgroveMD at #MIS2015 and have this wonderful partnership with @ClevelandClinic https:\/\/t.co\/r3Mxl5k66M"
"657681692501479424","Fri Oct 23 22:15:09 2015",36,0,"RT @theranos: Creating a new model for laboratory testing standards: it is the right thing, which is also the hard thing https:\/\/t.co\/FPHd0‚Ä¶"
"657681503342583808","Fri Oct 23 22:14:24 2015",28,0,"RT @theranos: We initiated filings with FDA two years ago by choice to try to create a new model for laboratory testing standards https:\/\/t‚Ä¶"
"657032046234112000","Thu Oct 22 03:13:41 2015",91,196,"Just the facts. https:\/\/t.co\/p7bXDdYrNF #theranos"
"656976090406129664","Wed Oct 21 23:31:20 2015",3,24,"Thanks @missy_tech12 @Tech_in_Motion you email us at pr@theranos.com"
"656943293666713600","Wed Oct 21 21:21:01 2015",10,0,"RT @CuriosityReview: Supporting @eholmes2003‚Äôs #IronSisters: How @weizmannscience is helping women in #STEM change the world: https:\/\/t.co\/‚Ä¶"
"656898401645101056","Wed Oct 21 18:22:38 2015",74,0,"RT @FastCompany: Theranos CEO Elizabeth Holmes punches back against the Wall Street Journal https:\/\/t.co\/vHVqccuA15 https:\/\/t.co\/WxLVRIH4V5"
"656889477604904960","Wed Oct 21 17:47:10 2015",27,0,"RT @jennibrozena: Incredibly powerful, true letter abt men vs. women in STEM via @jaredamauldin1 @eholmes2003 @LeanInOrg #ironsisters https‚Ä¶"
"656706693363994624","Wed Oct 21 05:40:51 2015",34,0,"RT @techinsider: What it's like to have blood drawn at a #Theranos 'wellness center' https:\/\/t.co\/3AsVxNChln https:\/\/t.co\/eYFiriKxKW"
"655179159950331904","Sat Oct 17 00:30:59 2015",41,0,"RT @theranos: \"We offered to bring our technology to @WSJ offices‚Ä¶ and they denied that request to show it to them.\" - @eholmes2003 to @jim‚Ä¶"
"655151409248120832","Fri Oct 16 22:40:42 2015",9,0,"RT @waldengalt: @JohnCarreyrou @theranos @eholmes2003 in 5 minutes of searching I found out the doctor you sourced has a relationship with ‚Ä¶"
"655135194488418304","Fri Oct 16 21:36:16 2015",54,0,"RT @theranos: 3.5 million successful tests, tens of thousands of patients, 1 article w\/ anonymous sources https:\/\/t.co\/TmPI2Pxzks https:\/\/t‚Ä¶"
"655135158853570560","Fri Oct 16 21:36:08 2015",462,0,"RT @SenJohnMcCain: Enjoyed visiting Elizabeth Holmes @theranos lab last night &amp; seeing their innovative blood test in action! #Theranos htt‚Ä¶"
"655134978687311872","Fri Oct 16 21:35:25 2015",34,0,"RT @theranos: \"We got FDA clearance of the exact system that @WSJ is questioning.\" - @eholmes2003 to @jimcramer on @MadMoneyOnCNBC http:\/\/t‚Ä¶"
"655113545453953024","Fri Oct 16 20:10:15 2015",4,9,"@hungertec I look forward to it."
"654695247394435072","Thu Oct 15 16:28:05 2015",68,147,"Unclear why anonymous anecdotes outweigh scalable statistics https:\/\/t.co\/ompp4sU8Gv"
"654590794880413696","Thu Oct 15 09:33:01 2015",5,15,"@Realtor1SouthFl we're working to bring access to more people as fast as we can"
"654555369679810560","Thu Oct 15 07:12:15 2015",27,50,"@KulkarniApoorv @WSJhealth How disappointing. Full of falsehoods. We even offered to show them our technology, and they declined."
"654548293263888384","Thu Oct 15 06:44:08 2015",107,211,"Let's set the record straight: https:\/\/t.co\/as2yHBlK9W"
"654539482364968960","Thu Oct 15 06:09:08 2015",4,12,"@gimmedadeetz it was wonderful to have you here. #ironsisters #changetheworld"
"654462766388895744","Thu Oct 15 01:04:17 2015",11,32,"Thanks @WeedEverWorld @techbridgegirls take the pledge and help 100 women. They in turn can help 10,000"
"654390551676981248","Wed Oct 14 20:17:20 2015",3,10,"@techbridgegirls thanks for this. Help us to get more women and girls to take the pledge"
"654340054974795776","Wed Oct 14 16:56:40 2015",10,53,"From a woman who works to break down barriers globally, every day. #ironsisters https:\/\/t.co\/fzdIbpSVUj"
"654338591749902340","Wed Oct 14 16:50:51 2015",95,0,"RT @ariannahuff: Women empowering women by excelling in #STEM and business @Theranos #IronSisters http:\/\/t.co\/CE6uZwLHQl"
"654314748394082304","Wed Oct 14 15:16:07 2015",78,133,"I believe there's a special place in history for women helping other women. #ironsisters #STEM http:\/\/t.co\/eDefBtcSdD"
"654144336678924289","Wed Oct 14 03:58:57 2015",2,8,"@Jonathan10majin better access for every person"
"654114467215609857","Wed Oct 14 02:00:16 2015",106,195,"Happy birthday to the late Margaret Thatcher. #ironsisters http:\/\/t.co\/8fMa6h3ysN"
"654103163755040768","Wed Oct 14 01:15:21 2015",13,59,"Celebrating the wonderful achievements of women in #STEM, and all of those yet to come. #AdaLovelaceDay #ironsisters"
"653797881384599552","Tue Oct 13 05:02:16 2015",5,16,"@amandadecadenet @GwynethPaltrow üòå help us spread the word!! We can do this. And what a better world it will be. #ironsisters"
"653795910938312704","Tue Oct 13 04:54:26 2015",26,88,"Honored and humbled. https:\/\/t.co\/ywG5tVbQyY"
"653793930123739140","Tue Oct 13 04:46:34 2015",2,6,"@amandadecadenet @GwynethPaltrow loved seeing this"
"653790877492449280","Tue Oct 13 04:34:26 2015",11,46,"wonderful to be part of this @tmagazine https:\/\/t.co\/QF6l9l5DAp"
"653790710181724160","Tue Oct 13 04:33:46 2015",2,4,"@Tiffani_Bova thanks -- reach out to us at info@theranos.com"
"653790376466116608","Tue Oct 13 04:32:27 2015",5,37,"From an amazing woman whose been helping women all the way along https:\/\/t.co\/NL0F0DtVfU"
"653790305691414528","Tue Oct 13 04:32:10 2015",14,43,"Beautiful pieces by @LAAF. @theranos http:\/\/t.co\/t0GtaIS3N5 We‚Äôre all put on this earth to make a difference in our world."
"653790186686427136","Tue Oct 13 04:31:41 2015",6,8,"@Farzad_MD @GetMyHealthData @LAAF We believe it's a basic human right."
"653789874022051841","Tue Oct 13 04:30:27 2015",3,6,"@graceartz keep doing what you're doing. spread the word #ironsisters"
"653789256062648320","Tue Oct 13 04:28:00 2015",5,26,"#ironsisters https:\/\/t.co\/hiq0N5VWHi"
"653669644104953856","Mon Oct 12 20:32:42 2015",12,60,"Our team. #BreakingGlassCeilings #IronSisters https:\/\/t.co\/K5ZVXCwVlU"
"653635899733901314","Mon Oct 12 18:18:37 2015",3,5,"@KatherineLAI you can email us at pr@theranos.com"
"653635815642263552","Mon Oct 12 18:18:17 2015",3,8,"@ssb168 we're working to serve more people and more areas as fast as we can"
"653632774172053504","Mon Oct 12 18:06:11 2015",13,49,"Very special to have @mlevram join us for #techwomen15 at @theranos. http:\/\/t.co\/n1rjXZQCIj #ironsisters"
"653429622936203265","Mon Oct 12 04:38:56 2015",8,28,"Love seeing this https:\/\/t.co\/5qGDosU10P"
"653349362580389888","Sun Oct 11 23:20:01 2015",10,33,"Our technicians are extraordinary. https:\/\/t.co\/u9Qm8dNVYa"
"653323954346524672","Sun Oct 11 21:39:03 2015",57,141,"Today is International Day of the Girl. I stand for women helping other women. #ironsisters"
"653319136362139648","Sun Oct 11 21:19:54 2015",4,6,"@baratangmiya We will do this"
"653278675337543680","Sun Oct 11 18:39:08 2015",30,104,"Very special to have @pmarca join our #techwomen, share wisdom on building great companies &amp; inspire #ironsisters. True world changer"
"653089246195023872","Sun Oct 11 06:06:24 2015",9,10,"@jelvehpedraza @TechWomen every woman taking the pledge to help other women is an #ironsister"
"653046129207046144","Sun Oct 11 03:15:04 2015",48,133,"As we each stand up to help other women in our own communities, we will change our world. #ironsisters http:\/\/t.co\/gKiu7kQyDm"
"653038435104493570","Sun Oct 11 02:44:30 2015",27,0,"RT @TechWomen: Join us as we stand together, stronger and wiser. We can make this happen. #ironsisters #techwomen15 #WeAreTechwomen https:\/‚Ä¶"
"653034622570266624","Sun Oct 11 02:29:21 2015",109,170,"If you can dream it, you can achieve it. These @techwomen are dreaming big. #ironsisters #techwomen15 #theranos http:\/\/t.co\/POHCfoEkHQ"
"653034345586778112","Sun Oct 11 02:28:15 2015",36,118,"Woman by woman, we can help each other. #ironsisters #techwomen15 #theranos http:\/\/t.co\/MDCkjTlMf8"
"653031798478254081","Sun Oct 11 02:18:08 2015",31,65,"I stand for women helping women. Taking the #ironsisters pledge with 100 @techwomen to each help 100 other women, and impact 10,000."
"653031633411420160","Sun Oct 11 02:17:28 2015",29,67,"This is the change I've always wanted to see in the world. #ironsisters pledge http:\/\/t.co\/imRGFzNTEw"
"653029248064602112","Sun Oct 11 02:08:00 2015",5,19,"Call to action #ironsisters https:\/\/t.co\/SBV0WUG6b7"
"653029001238216704","Sun Oct 11 02:07:01 2015",14,0,"RT @TechWomen: If you go back and spend time with another 100 women, your communities will start to change. -@eholmes2003 #techwomen15 #iro‚Ä¶"
"653028786292682757","Sun Oct 11 02:06:09 2015",3,5,"@RJLaroza meditations by Marcus Aurelius"
"653027974615207936","Sun Oct 11 02:02:56 2015",4,5,"@JenEf8 it's absolutely about trust"
"652981194900901888","Sat Oct 10 22:57:03 2015",16,0,"RT @theranos: .@eholmes2003 with #ironsisters #techwomen15 http:\/\/t.co\/TRqYBDoZoE"
"652976435808763905","Sat Oct 10 22:38:08 2015",8,0,"RT @sanaabousbai: Your personal &amp; professional life are the same because this is who you are @eholmes2003 #techwomen15"
"652917660196274176","Sat Oct 10 18:44:35 2015",7,0,"RT @nomcnyoni: First marketing class of my life thanks to @TechWomen @theranos. I am enlightened &amp; now inspired to study further #IronSiste‚Ä¶"
"652898437751398400","Sat Oct 10 17:28:12 2015",9,0,"RT @Bahara_nur: @theranos @eholmes2003 thanks for #inspiration ..cant believe. #ironsisters #techwomen15 #techwomen http:\/\/t.co\/tSeRamUOOk"
"652898116279005184","Sat Oct 10 17:26:55 2015",5,0,"RT @LarryMeys: Really proud to be among the first 100 #IronSisters @theranos initiated by CEO @eholmes2003 \n#Techwomen15 @Techwomen https:\/‚Ä¶"
"652897143573733377","Sat Oct 10 17:23:03 2015",9,0,"RT @RundAwwad: #ironsisters Go iron sisters.. live from #theranos a movement has been just kicked by #ElizabethHolmes #techwomen15 http:\/\/t‚Ä¶"
"652881739765805056","Sat Oct 10 16:21:51 2015",39,0,"RT @theranos: \"We can start to change the paradigm of women helping women.\" @eholmes2003 welcomes #techwomen15 #ironsisters http:\/\/t.co\/sx‚Ä¶"
"652877768380674048","Sat Oct 10 16:06:04 2015",23,0,"RT @TechWomen: When we start to help each other we're going to chng our culture. -@eholmes2003 #ironsisters #techwomen15"
"652877729306574848","Sat Oct 10 16:05:55 2015",26,0,"RT @TechWomen: I've always believed that the true legacy of SV is to build prods that will make a diff in the world. -@eholmes2003 @therano‚Ä¶"
"652877612025425920","Sat Oct 10 16:05:27 2015",4,4,"@shashankbaliga thanks for sharing this. This is why we do what we do"
"652877387793719296","Sat Oct 10 16:04:33 2015",3,6,"@HazzaJay absolutely not. We hire phlebotomists and train them as technicians in all our wellness centers"
"652876997098500096","Sat Oct 10 16:03:00 2015",3,3,"@staley_troy I have family going to the VA too. Think about this all the time."
"652858065251753985","Sat Oct 10 14:47:46 2015",17,43,"We can manufacture in our country and compete on cost. https:\/\/t.co\/t4Nzi45zQZ"
"652721931712524288","Sat Oct 10 05:46:50 2015",9,47,"Looking forward to spending the day with these inspiring women tomorrow #techwomen15 #theranos #STEM https:\/\/t.co\/QqtAsdhOrl"
"652343369692155904","Fri Oct 09 04:42:33 2015",11,40,"Incredibly special to be w\/u &amp; speak abt some of our shared missions. Have to say, we look good in matching outfits. https:\/\/t.co\/TM91DRUKFg"
"652318585419788289","Fri Oct 09 03:04:04 2015",4,4,"@emilychangtv me too"
"652309343606472704","Fri Oct 09 02:27:21 2015",5,6,"@TheCommissioned @theranos @melvinyuan absolutely - email us at info@theranos.com"
"652308424747716608","Fri Oct 09 02:23:42 2015",31,0,"RT @mariashriver: How does 1 go from freshman dropout to billionaire by 31? Watch my convo with @Theranos‚Äã founder &amp; CEO @eholmes2003: http‚Ä¶"
"652306489835548672","Fri Oct 09 02:16:01 2015",3,2,"@DinamoMayens yes"
"652300674563092480","Fri Oct 09 01:52:54 2015",13,53,"Wonderful to be on the show. I‚Äôm looking forward to seeing you again soon. https:\/\/t.co\/rxaJWezZNI"
"652299464980336640","Fri Oct 09 01:48:06 2015",4,4,"@TheCommissioned @theranos beautiful note and work"
"652298506942582784","Fri Oct 09 01:44:17 2015",10,40,"humbled by this https:\/\/t.co\/Hr8XEpYStj"
"652297811019501568","Fri Oct 09 01:41:31 2015",11,0,"RT @kellyclose: @eholmes2003 \"We want to do whatever it takes for fewer people to have to say goodbye too soon to someone they love ...\" #V‚Ä¶"
"652297702286340096","Fri Oct 09 01:41:05 2015",3,7,"@bgurley thanks for this"
"652293931758018562","Fri Oct 09 01:26:07 2015",3,1,"@omarkhan095 reach out to us at pr@theranos.com"
"652293430383501313","Fri Oct 09 01:24:07 2015",10,0,"RT @CCInnovations: We‚Äôre excited to announce @theranos CEO @eholmes2003 will serve as a keynote at #MIS2015"
"652292424803356672","Fri Oct 09 01:20:07 2015",4,7,"thanks @matt_gray_ shoot us a note at info@theranos.com and we'll follow up"
"652292043448778752","Fri Oct 09 01:18:36 2015",6,26,"@tferriss @KitMalo That is mutual. I'm looking forward to it."
"652290852820135936","Fri Oct 09 01:13:52 2015",80,101,"The future of health care is dependent on consumer choice and free access to information. http:\/\/t.co\/eCaTrZRIt9"
"652288378621202432","Fri Oct 09 01:04:03 2015",3,3,"@harishagk99 true"
"652288073368125440","Fri Oct 09 01:02:50 2015",5,3,"@bryanmatti4290 we're hiring as fast as we can"
"652155385755791360","Thu Oct 08 16:15:35 2015",8,0,"RT @ideabloke: What‚Äôs the thing you love, and that you‚Äôre so incredibly passionate about that if you got fired you‚Äôd still want to do it? ~‚Ä¶"
"652154562418053121","Thu Oct 08 16:12:18 2015",18,0,"RT @MAKERSwomen: Feel #inspired today with some #MAKERSMotivation from #MAKER @eholmes2003. #MorningMotivation @theranos http:\/\/t.co\/9spZoP‚Ä¶"
"651276497236312064","Tue Oct 06 06:03:11 2015",53,0,"RT @ClintonFdn: \"The promise of technology is that we can make access ... available to those in need\" -Elizabeth Holmes, @theranos #CGI2015"
"651276089415733248","Tue Oct 06 06:01:34 2015",25,0,"RT @ForbesUnder30: Forbes editor Matthew Herper speaks with Elizabeth Holmes about what's next for healthcare. #under30summit http:\/\/t.co\/Q‚Ä¶"
"651276031085510656","Tue Oct 06 06:01:20 2015",30,0,"RT @phillymag: This 31 Year Old is Revolutionizing Health Care ‚Äî¬†Why should a blood test cost $5,000 and take days to get results? http:\/\/t‚Ä¶"
"651275984818192385","Tue Oct 06 06:01:09 2015",49,0,"RT @HuffPostTech: The youngest self-made woman billionaire shares some wisdom about female stereotypes http:\/\/t.co\/z5BYyhdRAA"
"651275930539700224","Tue Oct 06 06:00:56 2015",93,0,"RT @Forbes: Video: Elizabeth Holmes says transparency will change the lab industry http:\/\/t.co\/lajyPFc7eO #under30summit http:\/\/t.co\/AhMiJc‚Ä¶"
"651209721727156224","Tue Oct 06 01:37:51 2015",101,0,"RT @Forbes: .@eholmes2003 on passion: \"If you got fired you‚Äôd still want to do it‚Äù http:\/\/t.co\/ioIXDfxbh7 #under30summit http:\/\/t.co\/q6TASo‚Ä¶"
"651190911825657856","Tue Oct 06 00:23:06 2015",5,5,"@MikeGordonRyan thanks for this"
"651189515785080833","Tue Oct 06 00:17:33 2015",4,4,"@KatieZeppieri email us at pr@theranos.com --"
"651188804133326848","Tue Oct 06 00:14:44 2015",12,0,"RT @MayoClinic: Dr. Rosa Rademakers, @matthewherper, and @eholmes2003 at @ForbesUnder30 before going on stage. #under30summit http:\/\/t.co\/f‚Ä¶"
"651184175446233092","Mon Oct 05 23:56:20 2015",32,91,"\"Details matter, it‚Äôs worth waiting to get it right.\" #oneofakind #RememberingSteve"
"651162689255792640","Mon Oct 05 22:30:57 2015",7,0,"RT @KathrynDill: \"We can do well by doing good and technology's purpose...is to do good.\" @theranos @eholmes2003 #under30summit"
"651162175025709056","Mon Oct 05 22:28:55 2015",6,0,"RT @KathrynDill: \"We are the only lab company really focused on leading with transparency.\" @theranos @eholmes2003 #under30summit"
"651161851296780290","Mon Oct 05 22:27:38 2015",8,0,"RT @michaelnoer: .@eholmes2003 to other founders \"you will be knocked down over and over and over again. You win by getting back up. @Forbe‚Ä¶"
"651161833949106176","Mon Oct 05 22:27:33 2015",6,0,"RT @KathrynDill: \"I would start this company over 10,000 times if I had to.\" @eholmes2003 @theranos #under30summit"
"651161760611733505","Mon Oct 05 22:27:16 2015",8,0,"RT @madeleinephoebe: \"You will get knocked down but you win by getting back up\" @eholmes2003 #under30summit"
"651161476988715008","Mon Oct 05 22:26:08 2015",8,0,"RT @michaelnoer: .@eholmes2003 advice for other young founders \"Figure out why you are doing what you are doing.\""
"651160299047796736","Mon Oct 05 22:21:27 2015",9,0,"RT @KathrynDill: \"Our objective is to change human behavior so that people begin to demand the right to their own health info.\" @eholmes200‚Ä¶"
"651066391861170176","Mon Oct 05 16:08:18 2015",20,49,".@RandallLane @ForbesUnder30 @baumeetmercier @mayoclinic Honored by this wonderful Doers award and inspired by the incredible audience."
"651064353962115072","Mon Oct 05 16:00:12 2015",11,23,"Special talking with the Academy of Achievement about @Theranos and the future of our health care system: http:\/\/t.co\/FTofev8brd"
"650787395189633024","Sun Oct 04 21:39:40 2015",2,3,"@bhagwanUCLA thanks for this. Please send us a note at pr@theranos.com"
"650751134554959872","Sun Oct 04 19:15:35 2015",40,67,"We need to change the way our health care system operates. It all starts with access for the individual. \nhttp:\/\/t.co\/h0OrKfWEkt"
"650704607006490624","Sun Oct 04 16:10:42 2015",3,2,"@SirketDoktoru thanks you can reach out to us at pr@theranos.com"
"650696693806182400","Sun Oct 04 15:39:15 2015",3,2,"@iamryandrake you can contact us at pr@theranos.com"
"650696562549501952","Sun Oct 04 15:38:44 2015",5,17,"@pmarca love this tweet"
"650548133613559809","Sun Oct 04 05:48:56 2015",43,0,"RT @HuffPostImpact: Elizabeth Holmes on creating affordable health care and empowering girls in STEM @eholmes2003 http:\/\/t.co\/8bCMPjvb76"
"650511635052818437","Sun Oct 04 03:23:54 2015",3,6,"@apz_amoyen that's exactly what we're working toward"
"650422636153966594","Sat Oct 03 21:30:15 2015",17,46,"To find inspiration, look to Marcus Aurelius, Warren Bennis, @BillieJeanKing, and modern day mothers. http:\/\/t.co\/eVeM2bvuCM"
"650418821031833601","Sat Oct 03 21:15:05 2015",21,51,"\"Women own about 36 percent of U.S. businesses. That's the past.\" I couldn't agree more. http:\/\/t.co\/J3zB0a8qDY"
"650412372000047104","Sat Oct 03 20:49:28 2015",4,14,"It was wonderful to meet you @weisul. https:\/\/t.co\/t7o5EpEeB5"
"650153823290265600","Sat Oct 03 03:42:05 2015",60,0,"RT @ariannahuff: Elizabeth Holmes on creating affordable health care and empowering girls in STEM @eholmes2003 http:\/\/t.co\/IoPYG5U4Ld"
"650152557243793408","Sat Oct 03 03:37:03 2015",14,0,"RT @ClintonGlobal: Take a look at some of the highlights from #CGI2015 - http:\/\/t.co\/4ZZKn9O205 http:\/\/t.co\/K2Vx46cU54"
"650152347608285184","Sat Oct 03 03:36:13 2015",4,20,"It was an honor to be there https:\/\/t.co\/cRcEiGwUaa"
"649813387895922688","Fri Oct 02 05:09:19 2015",5,0,"RT @RMHStanford: Our honored guests &amp; family speaker at Children's Circle Reception sharing their inspiring story #HomeAwayFromHome http:\/\/‚Ä¶"
