"1327017739190321154","Thu Nov 12 22:37:38 2020",731,4365,"What we learned from our work around the 2020 US Elections conversation https:\/\/t.co\/z9Z6Xv8q21"
"1326934410013233152","Thu Nov 12 17:06:31 2020",543,0,"RT @nedsegal: Today @twitter is investing $100 million from our balance sheet in Black, Latinx and other underserved communities in the US,‚Ä¶"
"1326672413027782656","Wed Nov 11 23:45:26 2020",93,0,"RT @AfriFintech: \"#Africa will define the future (especially the #bitcoin one!)\" \n\n#AFTS2020 is pleased to welcome @jack to answer the who,‚Ä¶"
"1326631930163466240","Wed Nov 11 21:04:34 2020",418,0,"RT @CashApp: You can now customize your entire Cash Card https:\/\/t.co\/AgQlKdUrLF"
"1321543699654799360","Wed Oct 28 20:05:45 2020",309,2776,"Agreed https:\/\/t.co\/fNeae0xAYC"
"1321456614457573376","Wed Oct 28 14:19:43 2020",200,1778,"Thank you for the time, and I look forward to a productive discussion to dig into these and other ideas."
"1321456612893093889","Wed Oct 28 14:19:42 2020",169,1367,"It‚Äôs critical as we consider these solutions, we optimize for new startups and independent developers. Doing so ens‚Ä¶ https:\/\/t.co\/F7QEf9YQT6"
"1321456611043340288","Wed Oct 28 14:19:42 2020",105,752,"Requiring 1) moderation process and practices to be published, 2) a straightforward process to appeal decisions, an‚Ä¶ https:\/\/t.co\/LXeempMrve"
"1321456610158370817","Wed Oct 28 14:19:41 2020",256,1790,"We‚Äôre inspired by the market approach suggested by Dr. Stephen Wolfram before this committee in June 2019. Enabling‚Ä¶ https:\/\/t.co\/7hNZND1Vib"
"1321456609365684224","Wed Oct 28 14:19:41 2020",128,925,"And finally, much of the content people see today is determined by algorithms, with very little visibility into how‚Ä¶ https:\/\/t.co\/qEFBN2DzGb"
"1321456608568774656","Wed Oct 28 14:19:41 2020",114,805,"The second is requiring a straightforward process to appeal decisions made by humans or algorithms. This ensures pe‚Ä¶ https:\/\/t.co\/gcsZVyW8J8"
"1321456607620812801","Wed Oct 28 14:19:41 2020",98,825,"The first is requiring a service‚Äôs moderation process to be published. How are cases reported and reviewed? How are‚Ä¶ https:\/\/t.co\/bLT3t9GpUe"
"1321456606735859714","Wed Oct 28 14:19:41 2020",102,641,"There are three solutions we‚Äôd like to propose to address the concerns raised, all focused on services that decide‚Ä¶ https:\/\/t.co\/S7S00KuwN6"
"1321456605955698688","Wed Oct 28 14:19:40 2020",295,1462,"That concept of ‚Äúgood faith‚Äù is what‚Äôs being challenged by many of you today. Some of you don‚Äôt trust we‚Äôre acting‚Ä¶ https:\/\/t.co\/LKOJhdH7TC"
"1321456605070725121","Wed Oct 28 14:19:40 2020",124,887,"¬ß230 gave internet services two important tools. The first provides immunity from liability for user‚Äôs content. The‚Ä¶ https:\/\/t.co\/tBamkqlvvx"
"1321456604382859264","Wed Oct 28 14:19:40 2020",1979,8956,"Thank you members of the Commerce Committee for the opportunity to speak with the American people about Twitter and‚Ä¶ https:\/\/t.co\/e0BvRi0Dwe"
"1318974612189970438","Wed Oct 21 17:57:07 2020",147,0,"RT @wongmjane: Few months ago, I told the tweeps it‚Äôd be nice if we can share Topics by permalink\n\nToday, they launched it! Thank you tweep‚Ä¶"
"1318736835703603200","Wed Oct 21 02:12:17 2020",12905,0,"RT @Phil_Lewis_: Happening right now: Nigerians in the DC area have gathered at the residence of Nigeria‚Äôs Ambassador to the United States‚Ä¶"
"1318724213432254466","Wed Oct 21 01:22:07 2020",30798,18494,"You can retweet retweet too, just leave blank and hit the [re]tweet button https:\/\/t.co\/BPhIbOjI09"
"1318709671218262020","Wed Oct 21 00:24:20 2020",4275,0,"RT @theAfroLegalise: I don‚Äôt have the answers but I do know that the more we draw the connections across the globe and get organized and wa‚Ä¶"
"1318706043451572225","Wed Oct 21 00:09:55 2020",57724,49267,"#EndSARS https:\/\/t.co\/r715NbQCaR"
"1318705895807848448","Wed Oct 21 00:09:20 2020",63614,54335,"#EndSARS https:\/\/t.co\/YunwlkwS2f"
"1318705145966899202","Wed Oct 21 00:06:21 2020",216509,0,"RT @rihanna: #ENDSARS üá≥üá¨ https:\/\/t.co\/59lrs8JnDA"
"1318616272163229696","Tue Oct 20 18:13:12 2020",128,0,"RT @techreview: And @_KarenHao just reported on a radical new technique to train AI models. It‚Äôs called ‚Äúless than one‚Äù-shot learning (and‚Ä¶"
"1317081869620576258","Fri Oct 16 12:36:02 2020",408,0,"RT @ggreenwald: Good to see: late last night, Twitter announced changes to its ‚ÄúHacked Materials Policy‚Äù so that links to reporting based o‚Ä¶"
"1317081843443912706","Fri Oct 16 12:35:56 2020",2106,6958,"Straight blocking of URLs was wrong, and we updated our policy and enforcement to fix. Our goal is to attempt to ad‚Ä¶ https:\/\/t.co\/cAyEjtzpYS"
"1316945999089250306","Fri Oct 16 03:36:08 2020",76,0,"RT @aprilsw99889232: @CashApp I was just leaving Walmart and looked at my boost to get some food. I had 15 minutes, ran in and got a knife‚Ä¶"
"1316942240460267520","Fri Oct 16 03:21:12 2020",38038,0,"RT @seyitaylor: #EndSARS because people deserve to sleep in peace."
"1316934631510495233","Fri Oct 16 02:50:58 2020",13614,0,"RT @TechCrunch: Stripe acquires Nigeria's Paystack for $200M+ to expand into the African continent https:\/\/t.co\/lmOjf78EIz by @ingridlunden"
"1316918923737075712","Fri Oct 16 01:48:33 2020",5203,0,"RT @TJay: Moved, inspired, and strengthened by the youth of Nigeria who are courageously combatting police brutality. Using their voices\/pl‚Ä¶"
"1316897044972306440","Fri Oct 16 00:21:36 2020",155249,192597,"#EndSARS"
"1316837883408457728","Thu Oct 15 20:26:31 2020",1573,0,"RT @mayahorgan: We closed $10M USD to back African founders. Just want to remind that I started this as a 26 y\/o black female from humble b‚Ä¶"
"1316816066211971072","Thu Oct 15 18:59:50 2020",1025,6433,"This is great https:\/\/t.co\/pYZFFGCI7a"
"1316537705023578115","Thu Oct 15 00:33:43 2020",277,1986,"@RubinReport @nypost No"
"1316528193621327876","Wed Oct 14 23:55:55 2020",9106,24890,"Our communication around our actions on the @nypost article was not great. And blocking URL sharing via tweet or DM‚Ä¶ https:\/\/t.co\/RhVNI4bgjz"
"1316485283777519620","Wed Oct 14 21:05:25 2020",79717,83416,"Donate via #Bitcoin to help #EndSARS üá≥üá¨ https:\/\/t.co\/kf305SFXze"
"1316480141367934977","Wed Oct 14 20:44:59 2020",41017,0,"RT @KarenAttiah: The largest black nation on earth is rising up against police brutality. \n\n Why Nigeria's #EndSARS campaign matters for Am‚Ä¶"
"1316479288967942147","Wed Oct 14 20:41:36 2020",53542,52007,"https:\/\/t.co\/pi12xwtb1i"
"1316478977494724609","Wed Oct 14 20:40:21 2020",88242,91730,"#EndSARS üá≥üá¨ https:\/\/t.co\/fcgQIOQYSS"
"1316058530198302726","Tue Oct 13 16:49:39 2020",121,0,"RT @thefriley: Thrilled to work with my old boss @Jack, @SquareCanada &amp; @nextdoor to #supportlocal in üá®üá¶. Check out this 4-part #neighbourh‚Ä¶"
"1314792456060235776","Sat Oct 10 04:58:43 2020",6,141,"@nkoumchatzky @kayvz We‚Äôre working on the algorithm behind @kayvz!"
"1314279352977166336","Thu Oct 08 18:59:50 2020",392,0,"RT @AndyPetersAJC: Killer Mike &amp; partners open digital bank aimed at people of color. @KillerMike \nhttps:\/\/t.co\/4jwzFtTiwd"
"1314263990223077376","Thu Oct 08 17:58:47 2020",4,187,"@brokengizmo It ain‚Äôt"
"1314263655022686209","Thu Oct 08 17:57:27 2020",118,1022,"@aalexis1234 Start small and hold"
"1314263584558391297","Thu Oct 08 17:57:11 2020",324,2879,"@farukfuzun Nah"
"1314260941077270529","Thu Oct 08 17:46:40 2020",707,4795,"üëÄ #bitcoin https:\/\/t.co\/lr42zSICgR"
"1314239422792048640","Thu Oct 08 16:21:10 2020",499,3488,"And FAR more important than that is us investing directly in open source development with @sqcrypto, opening access‚Ä¶ https:\/\/t.co\/PlG9byNlf0"
"1314239421504393221","Thu Oct 08 16:21:10 2020",4024,15137,"More important than Square investing $50mm in #Bitcoin is sharing how we did it (so others can do the same): https:\/\/t.co\/35ABYHuz4f"
"1313159640511737856","Mon Oct 05 16:50:30 2020",3,63,"@helenjstoddard @Twitter @leslieberland @NolaBeth Thank you Helen! ‚ù§Ô∏è"
"1312128566969081856","Fri Oct 02 20:33:23 2020",3,89,"@jackiereses Thank you Jackie. I‚Äôm going to miss your boundless ambition, humor, and spirit. You consistently make‚Ä¶ https:\/\/t.co\/hQsciyN9Mh"
"1311729120007471109","Thu Oct 01 18:06:07 2020",541,0,"RT @ggreenwald: Should be all drugs but this is a good and commendable start:"
"1311541189707919362","Thu Oct 01 05:39:21 2020",4,40,"@jillruthcarlson The line: ‚Äúwe won‚Äôt: Debate causes or political candidates internally‚Äù"
"1311540641596239872","Thu Oct 01 05:37:10 2020",143,1316,"@udiWertheimer I didn‚Äôt. And I don‚Äôt. Only Bitcoin."
"1311486001554939904","Thu Oct 01 02:00:03 2020",4,48,"@info_sprinkles @Square It‚Äôs in @CashApp"
"1311478732645789696","Thu Oct 01 01:31:10 2020",184,0,"RT @REFORM: MAJOR REFORM VICTORY! California enacts #AB1950. \n\nThis bill will help put hundreds of thousands of Californians on probation i‚Ä¶"
"1311474659485868037","Thu Oct 01 01:14:59 2020",14,102,"@Theophite I should stop mindfulness in order to stay ‚Äúdumb‚Äù? I‚Äôm a big fan of Bitcoin, and will help it in every w‚Ä¶ https:\/\/t.co\/LPBaW2wwg2"
"1311474093120614400","Thu Oct 01 01:12:44 2020",1,12,"@Jean_LitePicard @TheBlueMatt Yes. And my opinion given he‚Äôs trying to build an ‚Äúopen financial system‚Äù (which btw‚Ä¶ https:\/\/t.co\/frbPXkb3ed"
"1311473474704031744","Thu Oct 01 01:10:17 2020",3,20,"@BrettCPullen @pierre_rochard @sqcrypto False"
"1311473350619787266","Thu Oct 01 01:09:47 2020",3,21,"@JC_757 @pierre_rochard @sqcrypto Why? Makes perfect sense for some. But I‚Äôd be weary of general solutions. Folks n‚Ä¶ https:\/\/t.co\/KjaiNgHL7s"
"1311472878286594048","Thu Oct 01 01:07:54 2020",1,12,"@raw_avocado See white paper."
"1311468140698595328","Thu Oct 01 00:49:05 2020",10,114,"@r0ckstardev One fuels the other. They are connected."
"1311467045096095744","Thu Oct 01 00:44:44 2020",0,19,"@raw_avocado See first block."
"1311466906822402048","Thu Oct 01 00:44:11 2020",5,216,"@TheRealSook Isn‚Äôt yet. That‚Äôs the work."
"1311466340444631040","Thu Oct 01 00:41:56 2020",20,435,"@pierre_rochard There are various ways to support the movement. I‚Äôm happy with what we‚Äôre doing with @sqcrypto and‚Ä¶ https:\/\/t.co\/VwRDdN62xa"
"1311465736158674946","Thu Oct 01 00:39:32 2020",4,31,"@danbrusca Not for long"
"1311465621876424704","Thu Oct 01 00:39:04 2020",7,84,"@Kexkey Basically."
"1311465428519022592","Thu Oct 01 00:38:18 2020",3,15,"@nitashatiku Not sure how. One is a process and system the other is an outcome."
"1311464665017274368","Thu Oct 01 00:35:16 2020",4,37,"@TheBlueMatt üíØ. Appreciate clear lines, but think this is a wrongly drawn line."
"1311464233125597186","Thu Oct 01 00:33:33 2020",2,60,"@Theophite Well, at least one is moved in right direction."
"1311463998605336576","Thu Oct 01 00:32:37 2020",10,230,"@NTmoney I‚Äôm not gearing up for political office. Nor going all in on any ‚Äúwar‚Äù. Acknowledge the issues. Connect them to your mission."
"1311463424312799232","Thu Oct 01 00:30:20 2020",3,116,"@JudePiusIbemere It‚Äôs centralized and not controlled by the people. Are you able to verify your transactions completely?"
"1311463071001399296","Thu Oct 01 00:28:56 2020",6,283,"@pierre_rochard Looking into this"
"1311462875374911488","Thu Oct 01 00:28:09 2020",3,93,"@george94fj @zackvoell I imagine a lot of employees are customers too. The post states that debate over issues will‚Ä¶ https:\/\/t.co\/ko9KvZPz2s"
"1311462495773552648","Thu Oct 01 00:26:39 2020",3,59,"@lsbhlng It has to be to succeed."
"1311462357722308610","Thu Oct 01 00:26:06 2020",15,276,"@IdleIncomeChris There are real issues that real people who use these services every day experience. Why would we n‚Ä¶ https:\/\/t.co\/33FQHghhDH"
"1311461923339210752","Thu Oct 01 00:24:22 2020",0,41,"@BrennanGeis Makes the work better. Highlights the most important issues and how they connect to the ultimate mission."
"1311423420274372608","Wed Sep 30 21:51:23 2020",1788,8715,"#Bitcoin (aka ‚Äúcrypto‚Äù) is direct activism against an unverifiable and exclusionary financial system which negative‚Ä¶ https:\/\/t.co\/gBFtTMftbE"
"1311083318461386752","Tue Sep 29 23:19:56 2020",98,1002,"Top of the top https:\/\/t.co\/B5jWBgkW3g"
"1311074299755679744","Tue Sep 29 22:44:06 2020",345,2469,"Order ahead via QR code https:\/\/t.co\/pAAQbfMZyi"
"1311052912492118017","Tue Sep 29 21:19:07 2020",117,562,"Looking for a sales and partnerships lead for @CashApp boosts! Help redesign how rewards programs work for people. https:\/\/t.co\/R5Zj2NHyW0"
"1309183054317981696","Thu Sep 24 17:28:58 2020",375,2234,"Some results from us prompting folks to read articles before sharing https:\/\/t.co\/jz6SSadvBK"
"1309168604110299137","Thu Sep 24 16:31:33 2020",511,3078,"$100mm to support minority and underserved communities.\n\nAll details and breakdown here: https:\/\/t.co\/oSaWBzfnpl https:\/\/t.co\/cYCJo8zuA1"
"1309165051010592768","Thu Sep 24 16:17:25 2020",457,0,"RT @vijaya: When the government issues surveillance requests for people using Twitter, we believe the public has a right to know. \n\nTranspa‚Ä¶"
"1308941196476248064","Thu Sep 24 01:27:54 2020",3721,33251,"It‚Äôs fucked up this has to be requested https:\/\/t.co\/iRjcWL75EX"
"1308881622201241603","Wed Sep 23 21:31:11 2020",34,238,"@kyleve https:\/\/t.co\/196ELf1nSl"
"1308848944454283264","Wed Sep 23 19:21:20 2020",39,0,"RT @milessuter: Finally a website documenting all the amazing @sqcrypto Projects, Grants, and Team Members! \n\nSuper impressive when you see‚Ä¶"
"1308498200429391872","Tue Sep 22 20:07:36 2020",25,354,"@VeraJourova @Twitter Thank you Vice President! Agree with this direction"
"1308210216220065792","Tue Sep 22 01:03:15 2020",248,0,"RT @AndrewYang: Now on https:\/\/t.co\/COEsnkaeeO the phenomenal @marwilliamson and I talk about our experiences on the trail, the Democratic‚Ä¶"
"1308142002253434880","Mon Sep 21 20:32:12 2020",49,0,"RT @Square: \"I feel successful because of the community here. We need to exist.\"\n¬†\nMandy founded POT, a pottery studio in Echo Park, to rec‚Ä¶"
"1306661118635507712","Thu Sep 17 18:27:41 2020",41,0,"RT @Square: \"Everyone has something that someone else doesn't have. I like to think I can help people find that.\"\n¬†\nVictor opened Elysian B‚Ä¶"
"1306274610501971968","Wed Sep 16 16:51:51 2020",35,0,"RT @milessuter: What a year it‚Äôs been since our initial grant. \n\nSeeing the broader community embrace @BtcpayServer with not only love, but‚Ä¶"
"1306052179266945025","Wed Sep 16 02:07:59 2020",99,0,"RT @TwitterAlas: Happy Hispanic Heritage Month! We are Latinx. #TogetherWeAre unstoppable. Tell us how you feel connected to Latinx culture."
"1306003714885394432","Tue Sep 15 22:55:24 2020",5,91,"@zamosta üíØ"
"1305982922134941696","Tue Sep 15 21:32:47 2020",252,2413,"Instantly pay your team Square Payroll and @CashApp https:\/\/t.co\/iZ81ZK4doK"
"1305317411466297344","Mon Sep 14 01:28:17 2020",181,1187,"#Verzuz https:\/\/t.co\/cn6ADbVc51"
"1305275375455354880","Sun Sep 13 22:41:15 2020",99,0,"RT @Square: Introducing My City, a series hosted by Roy Choi.\n\nFollow @chefroychoi of @kogibbq around Los Angeles as he talks with independ‚Ä¶"
"1304607849666891776","Sat Sep 12 02:28:44 2020",7,153,"@WillOremus What‚Äôs the weird part?"
"1304214256364126214","Fri Sep 11 00:24:44 2020",4,17,"@helenjstoddard @Phonz @leslieberland ‚ÄúThank you for being you‚Äù"
"1304101261243949057","Thu Sep 10 16:55:44 2020",444,2683,"https:\/\/t.co\/K86UhRA2Pw"
"1304099248611291138","Thu Sep 10 16:47:44 2020",77,572,"More from @sqcrypto: https:\/\/t.co\/AYC9fGQ7w7"
"1304099079211810817","Thu Sep 10 16:47:04 2020",1969,10766,"Square is putting all of our crypto patents into a new non-profit org we‚Äôre calling the Crypto Open Patent Alliance‚Ä¶ https:\/\/t.co\/fiEcBALXm5"
"1303498623146102785","Wed Sep 09 01:01:04 2020",5,149,"@lopp Should be sticky"
"1303483734335746049","Wed Sep 09 00:01:54 2020",2,145,"@ntakayama True"
"1303426220059549696","Tue Sep 08 20:13:22 2020",287,0,"RT @TwitterSupport: More trend updates, even more context. We‚Äôll now add improved headlines and short descriptions to some Trends, so you c‚Ä¶"
"1303357108054708224","Tue Sep 08 15:38:44 2020",41,0,"RT @MastercardUKbiz: At 4.30pm today we're holding a special event to launch a new partnership with @SquareUK @jack, @MastercardEU's Mark B‚Ä¶"
"1302415024749572098","Sun Sep 06 01:15:14 2020",593,3091,"breathing exercise https:\/\/t.co\/7k7fIwfcnt"
"1302351173584789504","Sat Sep 05 21:01:30 2020",13,346,"@MikeIsaac Where"
"1301992226445094912","Fri Sep 04 21:15:11 2020",607,4546,"@cuppymusic @Twitter Will set up!"
"1301648542436454402","Thu Sep 03 22:29:30 2020",2,28,"@leslieberland @MHarrison99 ‚ù§Ô∏è Mark"
"1301648074473758720","Thu Sep 03 22:27:39 2020",8,224,"@leslieberland I think you already have? ‚ÄúL‚Äù"
"1301587021618577410","Thu Sep 03 18:25:02 2020",6,107,"@Gleesonmg214 @Twitter Thank you Megan!!!"
"1301333608708239365","Thu Sep 03 01:38:04 2020",4035,28031,"Facts https:\/\/t.co\/ZXlGP17jGQ"
"1301216462036705286","Wed Sep 02 17:52:34 2020",561,0,"RT @TwitterSupport: No more having to scroll through Tweets to find out why something‚Äôs trending.\n\nStarting today, some trends on Android a‚Ä¶"
"1301186910887395328","Wed Sep 02 15:55:09 2020",82,844,"Facts https:\/\/t.co\/397l1rzgsX"
"1300836538780057600","Tue Sep 01 16:42:53 2020",60,0,"RT @dickc: RIP @mikelimondba who succumbed to COVID this week. Mike was one of our most gregarious, thoughtful, and energetic teammates at‚Ä¶"
"1299950541754294272","Sun Aug 30 06:02:15 2020",42594,0,"RT @MeWeFree_: üò¢üò¢üò¢ #RIPChadwick https:\/\/t.co\/f25RuHOyjq"
"1299865231347404800","Sun Aug 30 00:23:16 2020",6174,0,"RT @KingJames: Homecourt!!! Change isn‚Äôt made sitting on the sidelines üôèüèæ‚úäüèæüëë@morethanavote #BlackLivesMatter"
"1299818592570048513","Sat Aug 29 21:17:56 2020",7668,0,"RT @TracieHunte: This look he exchanged with Michael B. Jordan when Green Book won best picture is the moment I realized Chadwick Boseman w‚Ä¶"
"1299809481191231491","Sat Aug 29 20:41:44 2020",248,0,"RT @MayaRupert: Yes! We‚Äôre rocking with #WakandaForever and @Twitter has reactivated their special emoji for the occasion! So grateful for‚Ä¶"
"1299809366447710208","Sat Aug 29 20:41:16 2020",81308,0,"RT @Twitter: Most liked Tweet ever. \n\nA tribute fit for a King. \n\n#WakandaForever"
"1299807252447203331","Sat Aug 29 20:32:52 2020",755,0,"RT @wkamaubell: This was one of the happiest days of my life. Thank you to both of these gentlemen.\n\n#RIPChadwickBoseman\n#RIPAnthonyBourdai‚Ä¶"
"1299562374089912320","Sat Aug 29 04:19:49 2020",8224,0,"RT @the_juandy_city: In an interview for Black Panther, Chadwick Bozeman broke down in tears when speaking about 2 boys he knew who were ex‚Ä¶"
"1299554209780715520","Sat Aug 29 03:47:22 2020",173,0,"RT @StewYorkCity: Like I told my @blackbirds fam, God‚Äôs plan is confusing to us. The beauty of Chadwick is his portrayal of many inspiratio‚Ä¶"
"1299548595851534336","Sat Aug 29 03:25:04 2020",81290,0,"RT @ava: May you have a beautiful return, King. We will miss you so. https:\/\/t.co\/jdip3RHoXb"
"1299547902050799618","Sat Aug 29 03:22:18 2020",56014,0,"RT @tarantallegra: I interviewed Chadwick Boseman in 2017, and to think he was going through cancer while satisfying the physical demands o‚Ä¶"
"1299546232667463681","Sat Aug 29 03:15:40 2020",130,0,"RT @NikiKirschner: This is why I #LoveWhereYouWork - Major üëèüèº to @TJay, @StewC, and @chadwickboseman for surprising some incredible NYC stu‚Ä¶"
"1299532314146484225","Sat Aug 29 02:20:22 2020",2201554,0,"RT @chadwickboseman: https:\/\/t.co\/aZ2JzDf5ai"
"1299394973297790979","Fri Aug 28 17:14:37 2020",87,0,"RT @StevePopper: NBA and NBPA release joint statement on plans moving forward. https:\/\/t.co\/nwNwuHhuFG"
"1299382289336594433","Fri Aug 28 16:24:13 2020",1116,0,"RT @tylerwinklevoss: The U.S. dollar is no longer a reliable store of value. @winklevoss and I make the case for $500K #Bitcoin\n\nhttps:\/\/t.‚Ä¶"
"1299106398400393226","Thu Aug 27 22:07:56 2020",12340,0,"RT @RealBillRussell: In 61 I walked out if an exhibition game much like the @nba players did yesterday. I am one of the few people that kno‚Ä¶"
"1299103629555699712","Thu Aug 27 21:56:56 2020",8,128,"@Kantrowitz @BigTechnology Great idea"
"1298818300051324928","Thu Aug 27 03:03:08 2020",5,117,"@ChillinCrypto ¬Ø\\_(„ÉÑ)_\/¬Ø"
"1298811492121411585","Thu Aug 27 02:36:05 2020",14,332,"@nickcald Always"
"1298752184977424385","Wed Aug 26 22:40:25 2020",9,216,"@edgett Here‚Äôs to the next 8! Please please please please ‚ù§Ô∏è"
"1298705949394444289","Wed Aug 26 19:36:41 2020",88,0,"RT @EricaJoy: This year @OlaySkin has pledged $1 million to provide more opportunities for women in STEM, starting with a $500K donation to‚Ä¶"
"1298628802910793728","Wed Aug 26 14:30:08 2020",2093,0,"RT @zellieimani: Beautiful. \n\nLast night, we put some finishing touches on our Black Lives Matter mural in Paterson. A community member bro‚Ä¶"
"1298371809486737408","Tue Aug 25 21:28:56 2020",33798,0,"RT @nowthisnews: Jacob Blake‚Äôs sister: ‚ÄòI‚Äôm not sad. I‚Äôm not sorry. I‚Äôm angry. And I‚Äôm tired. I haven‚Äôt cried one time. I stopped crying ye‚Ä¶"
"1298370241123233802","Tue Aug 25 21:22:42 2020",1111,0,"RT @RanttMedia: Julia Jackson, Jacob Blake's mother, has a message for America:\n\n\"God has placed each and every one of us in this country b‚Ä¶"
"1298269501943771138","Tue Aug 25 14:42:24 2020",2333,0,"RT @ElliottWilson: Nip Hussle + Big Sean https:\/\/t.co\/OfnYOEcCaW"
"1298079064000008193","Tue Aug 25 02:05:40 2020",9,58,"@GodisRivera @Therealkiss @netflixfamily This was wonderful"
"1297988221721337856","Mon Aug 24 20:04:42 2020",29,514,"@zeynep Looking at this"
"1297974066834530304","Mon Aug 24 19:08:27 2020",27,0,"RT @owenbjennings: Is this how the banks founded 100 years ago work? https:\/\/t.co\/jQobRnlPff"
"1297915362009325573","Mon Aug 24 15:15:11 2020",102850,0,"RT @nikebasketball: Kobe taught us to be better. A better scorer, better mentor, better father, better champion. Today, on his birthday, we‚Ä¶"
"1297912025209876480","Mon Aug 24 15:01:55 2020",273,0,"RT @socios: Hit like on this tweet for a surprise.\n\nWell done @Twitter üëè\n\n#MambaMentality https:\/\/t.co\/0nt97q9MPP"
"1297903627248566272","Mon Aug 24 14:28:33 2020",207,0,"RT @okayplayer: #BreonnaTalyor is on the cover of @VanityFair.\n\nArt by painter Amy Sherald. \n\nIt‚Äôs has been over 160 days since her murder,‚Ä¶"
"1297903594558169089","Mon Aug 24 14:28:25 2020",39,0,"RT @scarey102: It has been really eye-opening talking to @nickcald, @anjuan and @DigitalBlkHippy over the past couple of months about their‚Ä¶"
"1297903027676905473","Mon Aug 24 14:26:10 2020",434,0,"RT @FredTJoseph: Please let Jacob Blake be okay. \n\nHim, his babies, his fianc√©, his community, they deserve so much more."
"1297902754833117186","Mon Aug 24 14:25:05 2020",265,0,"RT @AndrewYang: Today on https:\/\/t.co\/COEsnkaeeO 3 amazing mayors for Universal Basic Income @MichaelDTubbs @AjaLBrown and @AlexBMorse! The‚Ä¶"
"1297902620846231552","Mon Aug 24 14:24:33 2020",3346,0,"RT @deray: While you‚Äôre learning about Kenosha, also look up Officer Joseph Mensa in Wauwatosa, WI. \n\nIn the past 5 years, Officer Mensah h‚Ä¶"
"1297727342605934592","Mon Aug 24 02:48:03 2020",12059,0,"RT @BerniceKing: We shouldn‚Äôt have to see one more video of a Black human being brutalized and\/or gunned down by police in a clear case of‚Ä¶"
"1297726665175556096","Mon Aug 24 02:45:22 2020",851,0,"RT @Phil_Lewis_: The man was reportedly trying to break up a fight and neighbors said the shooting occurred in front of his children. His c‚Ä¶"
"1297535197148336128","Sun Aug 23 14:04:32 2020",16103,0,"RT @JoaquimCampa: Windows of the World. Thread.\n All üì∏ by Andre Vicente Gon√ßalves\n\n1. Paris https:\/\/t.co\/h3faOjEpGc"
"1296486118863654917","Thu Aug 20 16:35:52 2020",816,6501,"$10M to Dr. Ibram Kendi and the Center for Antiracist Research at BU. This research will inform and fuel much neede‚Ä¶ https:\/\/t.co\/fXyhVmcRCO"
"1296453299043012610","Thu Aug 20 14:25:28 2020",2,22,"@JustCallMeSio Keep doing it!"
"1296452763283578880","Thu Aug 20 14:23:20 2020",21,517,"@Phonz Both....change for dessert"
"1296207728768094208","Wed Aug 19 22:09:39 2020",81,740,"Facts https:\/\/t.co\/LpL31b2EUr"
"1296207643770589186","Wed Aug 19 22:09:19 2020",44,0,"RT @owenbjennings: Let me fix this headline:\n\n\"Bitcoin is up 27.78% month-over-month\""
"1296181496571715584","Wed Aug 19 20:25:25 2020",1,45,"@jsngr @1_0_Design Exactly"
"1296162580755623936","Wed Aug 19 19:10:15 2020",531,0,"RT @TheGoldnNug: @theestallion Y‚Äôall just really made my mom‚Äôs entire day \nThank you so much! https:\/\/t.co\/9JSzhpoHsh"
"1296147141006680065","Wed Aug 19 18:08:54 2020",50,0,"RT @dinodaizovi: Wow... this. is. huge. I think Twitter is absolutely leading all of tech on their level of transparency.\n\nhttps:\/\/t.co\/bIO‚Ä¶"
"1296146708104130561","Wed Aug 19 18:07:11 2020",27,0,"RT @GodisRivera: üö®üö®ATTN: Issa #WAPParty so drop those $cashtags ladies cuz we deserveüëáüèΩüíÅüèæ‚Äç‚ôÄÔ∏èüí∏"
"1296133950633631747","Wed Aug 19 17:16:29 2020",10,0,"RT @contemporesque: @jack @iamcardib @theestallion @Twitter @CashApp Damn, @CashApp now following @theestallion too üëÄüëÄüëÄüëÄüëÄüëÄ"
"1296130810731474944","Wed Aug 19 17:04:00 2020",152,1007,"üí∏ @iamcardib+@theestallion+@twitter+@cashapp=#WAPParty https:\/\/t.co\/mGDZn8Px7O"
"1296129008011280385","Wed Aug 19 16:56:51 2020",1,43,"@joepursel @mirpuris @agsopko @Twitter Thank you Joe!"
"1296111517562281985","Wed Aug 19 15:47:21 2020",284,1553,"Our new transparency center https:\/\/t.co\/JJsAIMnoRr"
"1296091035718815747","Wed Aug 19 14:25:57 2020",50,0,"RT @kyleluvsew: A dream.\n\n@USPS X @bollingermotors \n\nThe VOTE B2 Chassis for the 2020 election. https:\/\/t.co\/0JIA6CO9xD"
"1295789006668681217","Tue Aug 18 18:25:48 2020",7,106,"@boo @LaurenFalck Thanks for invite to wedding"
"1295777196003467264","Tue Aug 18 17:38:52 2020",17,437,"@kayvz Waaaaaay late on this joke, Verification God"
"1295389116935417858","Mon Aug 17 15:56:47 2020",41,0,"RT @jsngr: lil apps rejected from Apple, TestFlight, and @AppAirport \nhttps:\/\/t.co\/La7pHIw59h"
"1295372691487236103","Mon Aug 17 14:51:31 2020",6866,0,"RT @KingJames: To every NBA fan ready to watch playoffs, please take a minute to read this letter and consider our call to action. Black, b‚Ä¶"
"1295372618372198402","Mon Aug 17 14:51:13 2020",40,0,"RT @dinodaizovi: üëÄ https:\/\/t.co\/8z4lqN3zH7\n\nüëèüëèüëè to the USPS for putting forward a design for secure electronic voting."
"1295360857166290944","Mon Aug 17 14:04:29 2020",7,278,"@ndimichino Is this a hint?"
"1295068185683730433","Sun Aug 16 18:41:31 2020",45,0,"RT @soonaorlater: Today is a fine day to take a stroll through the gardens of https:\/\/t.co\/MT4qL9PmdY"
"1294765289255706624","Sat Aug 15 22:37:55 2020",197,2397,"Jordan is incredible https:\/\/t.co\/vAxze4e4kM"
"1294737550519803905","Sat Aug 15 20:47:41 2020",17940,0,"RT @ASlavitt: BREAKING: Great news.\n\nSalivaDirect received approval this morning from the @US_FDA.\n\nThis could be one the first major game‚Ä¶"
"1294386132214571008","Fri Aug 14 21:31:17 2020",166584,0,"RT @BarackObama: Everyone depends on the USPS. Seniors for their Social Security, veterans for their prescriptions, small businesses trying‚Ä¶"
"1293754016778915840","Thu Aug 13 03:39:29 2020",35,0,"RT @pichette: Please read and share. Thank you for your leadership Francoise. Not easy but must be done. With my full support."
"1293753884159234050","Thu Aug 13 03:38:57 2020",726,8952,"? https:\/\/t.co\/sxTvKUozqF"
"1293687636675223552","Wed Aug 12 23:15:42 2020",602,4848,"Build on Twitter again! https:\/\/t.co\/fQ15MTyBEb"
"1293641297459388416","Wed Aug 12 20:11:34 2020",57,387,"Thanks for the chat @richkleiman and Gianni! Going to be a good podcast. https:\/\/t.co\/i2Y4CUOZk7"
"1293640323034480642","Wed Aug 12 20:07:42 2020",177,0,"RT @Policy: Today we joined industry peers and US government partners as we work to counter shared threats to the online public conversatio‚Ä¶"
"1293418277427970048","Wed Aug 12 05:25:22 2020",814,0,"RT @FrancoiseBr: I‚Äôm sharing my story about gender discrimination at @Pinterest on @Medium. Please read &amp; share so that we can start a dial‚Ä¶"
"1293261312789745674","Tue Aug 11 19:01:39 2020",1557,0,"RT @Twitter: We tested, you Tweeted, and now we‚Äôre rolling it out to everyone! https:\/\/t.co\/w6Q3Q6DiKz"
"1291956273814990848","Sat Aug 08 04:35:53 2020",2,93,"@Mayalangersegal @nedsegal @heySierra @leslieberland Thank you. Thank you. Thank you. @RemindMe_OfThis every day"
"1291587847766470656","Fri Aug 07 04:11:54 2020",97,0,"RT @Square: Introducing Talking Squarely, candid conversations with business owners about the issues impacting their lives, from navigating‚Ä¶"
"1291413640126504961","Thu Aug 06 16:39:39 2020",2124,0,"RT @TwitterSupport: When it comes to conversations with government and state-affiliated media accounts on Twitter, we‚Äôre helping to make th‚Ä¶"
"1291221954699997185","Thu Aug 06 03:57:58 2020",1,58,"@boo Oh no"
"1291198140700270598","Thu Aug 06 02:23:20 2020",2,196,"@kenisajerk @Square Good luck. Will be rooting for you from the sidelines."
"1291174985315352577","Thu Aug 06 00:51:20 2020",11,251,"@kenisajerk @jsngr Do what you need to"
"1291083603263201281","Wed Aug 05 18:48:12 2020",15203,0,"RT @BrennanCenter: BREAKING: Iowa Governor Kim Reynolds just restored voting rights to tens of thousands of Iowans with former convictions‚Ä¶"
"1291024141273923586","Wed Aug 05 14:51:56 2020",124,1008,"Design all the things https:\/\/t.co\/A1orD0t7Sv"
"1291017485387325442","Wed Aug 05 14:25:29 2020",8,157,"@Vietman18 @CashApp You can"
"1291012879055900672","Wed Aug 05 14:07:10 2020",8,202,"@kenisajerk Always"
"1290827567667109890","Wed Aug 05 01:50:49 2020",65,777,"@code_jide Simple always better"
"1290785945512337408","Tue Aug 04 23:05:25 2020",15,826,"@zachtratar @kyleve Weird. Exact same thing happened to me"
"1290697810589839363","Tue Aug 04 17:15:12 2020",194,1996,"Glow üåï https:\/\/t.co\/fWVeZ2WdDz"
"1290330704404869120","Mon Aug 03 16:56:27 2020",404,0,"RT @AndrewYang: .@HumanityForward is now teaming up with @1kprojectorg to distribute cash relief to individuals! This way we can increase t‚Ä¶"
"1290327911182942213","Mon Aug 03 16:45:21 2020",242,0,"RT @CashApp: Back in stock. Update your Cash App to order the HBA Cash Card. All proceeds will be donated to support BIPOC, LGBTQIA+, polic‚Ä¶"
