"1233441223232245760","Fri Feb 28 17:17:58 +0000 2020",1422,17026,"Discussing climate, sustainability, and preserving the natural world with President @EmmanuelMacron today in Paris.‚Ä¶ https:\/\/t.co\/ry52OGekMH"
"1224154674804084736","Mon Feb 03 02:16:32 +0000 2020",10568,92268,"I just took a DNA test, turns out I‚Äôm 100% @lizzo‚Äôs biggest fan. #SBLIV https:\/\/t.co\/RhOduXk8Qd"
"1222572705066536961","Wed Jan 29 17:30:21 +0000 2020",2079,14309,"Hey, Alexa ‚Äî show everyone our upcoming Super Bowl ad. Thanks @TheEllenShow and @PortiaDeRossi! https:\/\/t.co\/U8Qua3dhwg"
"1220059386694922240","Wed Jan 22 19:03:20 +0000 2020",5418,31913,"#Jamal https:\/\/t.co\/8ej1rUBXVb"
"1219093283265138688","Mon Jan 20 03:04:23 +0000 2020",9137,62022,"Hey, India. We‚Äôre rolling out our new fleet of electric delivery rickshaws. Fully electric. Zero carbon.‚Ä¶ https:\/\/t.co\/8hxC8IIL4o"
"1218864092825432064","Sun Jan 19 11:53:39 +0000 2020",2196,21807,"Proud of the program we have in India to hire and train deaf associates at our delivery stations. Managers learn ba‚Ä¶ https:\/\/t.co\/WKFqhWhWRT"
"1218440995731316736","Sat Jan 18 07:52:25 +0000 2020",2309,22827,"Amazon partners with thousands of kirana stores all over India as delivery points. It‚Äôs good for customers, and it‚Ä¶ https:\/\/t.co\/RZq9lKzFCD"
"1218137485672251394","Fri Jan 17 11:46:23 +0000 2020",5156,30415,"Lots of fun on stage with @iamsrk and Zoya Akhtar. https:\/\/t.co\/wdZ2tEsySX"
"1217751342162173952","Thu Jan 16 10:11:59 +0000 2020",663,10761,"Grabbing a quick selfie with @AmitAgarwal at India‚Äôs small business summit. Everyone squeeze in a little tighter!‚Ä¶ https:\/\/t.co\/MhPgAxIhSj"
"1217449121981718531","Wed Jan 15 14:11:04 +0000 2020",3559,17655,"Dynamism. Energy. Democracy. #IndianCentury https:\/\/t.co\/U6cKJO60Rz"
"1217100229993881600","Tue Jan 14 15:04:42 +0000 2020",8704,57790,"Just landed in India and spent a beautiful afternoon paying my respects to someone who truly changed the world. ‚ÄúLi‚Ä¶ https:\/\/t.co\/AyPJhsYRNY"
"1207074776289697794","Tue Dec 17 23:07:07 +0000 2019",446,4594,"Toured @LeeMontessori in Washington D.C. with a team from Day 1 Academies. It was great to meet these kids ‚Äî they‚Äôr‚Ä¶ https:\/\/t.co\/ZfyJVCJLcV"
"1204964350936731649","Thu Dec 12 03:21:03 +0000 2019",1351,10304,"Picture perfect flight @BlueOrigin. And this vehicle has now flown to space &amp; back six times making this a new mile‚Ä¶ https:\/\/t.co\/ibOCUlo55z"
"1197997251139784704","Fri Nov 22 21:56:17 +0000 2019",1128,8937,"Nice! Amazon ranked #1 best managed company. Definitely the result of strong teamwork from people who care deeply a‚Ä¶ https:\/\/t.co\/W8IWKu1Loe"
"1197519998161281024","Thu Nov 21 14:19:51 +0000 2019",410,2883,"Excited to announce this year's Bezos Day One grants. Thank you to these 32 organizations in 23 states working to e‚Ä¶ https:\/\/t.co\/IFr1OdH8LV"
"1193891803721687040","Mon Nov 11 14:02:42 +0000 2019",480,5887,"Congrats to David &amp; all the veterans graduating from the Amazon Apprenticeship program who are now in technical car‚Ä¶ https:\/\/t.co\/QQa9z1Sbid"
"1186752897083760641","Tue Oct 22 21:15:14 +0000 2019",1415,8074,"It‚Äôs time to go back to the Moon, this time to stay. @LockheedMartin @northropgrumman @DraperLab @blueorigin‚Ä¶ https:\/\/t.co\/0j1hW8EwRz"
"1186367004371906560","Mon Oct 21 19:41:50 +0000 2019",1302,10717,"Dropped in on an #AmazonFutureEngineer class at Dunbar H.S. in D.C. today. We‚Äôre committed to bringing more resourc‚Ä¶ https:\/\/t.co\/WJ8QOJ2Fkw"
"1176489837517344769","Tue Sep 24 13:33:30 +0000 2019",380,3972,"Thank you to our customers who donated relief items for a second Amazon Air plane of humanitarian aid. Together, mo‚Ä¶ https:\/\/t.co\/xTiCtnOqZC"
"1176310291300093952","Tue Sep 24 01:40:02 +0000 2019",235,3362,"A record year of #Emmy wins for @PrimeVideo - fantastic work. Huge congrats to the winners and teams behind‚Ä¶ https:\/\/t.co\/uWT95mLay0"
"1175854166066913280","Sun Sep 22 19:27:34 +0000 2019",202,2669,"Good luck to @RachelBros, Phoebe Waller-Bridge, the @MaiselTV and @Fleabag teams, and all @PrimeVideo shows up for‚Ä¶ https:\/\/t.co\/M0hqp2zMJw"
"1175208903321124864","Sat Sep 21 00:43:31 +0000 2019",224,0,"RT @JayCarney: If you can‚Äôt compete with lower prices and better services, then secretly fund phony ‚Äúgrassroots‚Äù attack campaigns. #Ugly. h‚Ä¶"
"1174704799645720586","Thu Sep 19 15:20:23 +0000 2019",417,2806,"Super excited about The Climate Pledge. Impossible to do this without @CFigueres. So grateful to you, Christiana.‚Ä¶ https:\/\/t.co\/jHNzg4sqld"
"1173973723189108736","Tue Sep 17 14:55:21 +0000 2019",568,4507,"Yesterday the first Amazon Air plane loaded with relief items arrived in Nassau, Bahamas to help victims of‚Ä¶ https:\/\/t.co\/u66UrIjHbc"
"1173728216550260736","Mon Sep 16 22:39:48 +0000 2019",304,3925,"Shout out to the new Amazonians who let me drop by their New Hire Orientation today. Incredible to welcome so many‚Ä¶ https:\/\/t.co\/fm5sS4t0ZE"
"1172517558336905218","Fri Sep 13 14:29:04 +0000 2019",252,2486,"Visited the amazing @Nia_House Montessori in Nashville with @mike_m_george. Learned a lot that‚Äôs going to help Day‚Ä¶ https:\/\/t.co\/p8doG6VWFG"
"1171872387492528128","Wed Sep 11 19:45:24 +0000 2019",635,5416,"Today, we announced that we added 24 schools in #Nashville to our #AmazonFutureEngineer program. Loved celebrating‚Ä¶ https:\/\/t.co\/l4S1iQ2Z46"
"1171060934753734656","Mon Sep 09 14:00:58 +0000 2019",762,5926,"We're sending two Amazon Air planes packed with tens of thousands of Amazon-donated and customer-donated relief ite‚Ä¶ https:\/\/t.co\/Fd17SxhNzS"
"1170697204845039616","Sun Sep 08 13:55:38 +0000 2019",655,7942,"Season 2 streams November 1. Can‚Äôt wait. #JackRyan https:\/\/t.co\/THDtDjGIpQ"
"1170036283315388416","Fri Sep 06 18:09:22 +0000 2019",8020,45312,"Rooting for team India. Good luck, India! #Chandrayaan2 https:\/\/t.co\/iWWSqPs4nz"
"1167125742401941504","Thu Aug 29 17:23:55 +0000 2019",304,2319,".@BlueOrigin founded nonprofit @clubforfuture to inspire youth to pursue careers in #STEM + visualize life in space‚Ä¶ https:\/\/t.co\/8eDmN3Bxpc"
"1166798278375030784","Wed Aug 28 19:42:42 +0000 2019",257,3502,"Had a great meeting with Mike George. We‚Äôre hard at work building Day 1 Academies, and Mike has been busy learning‚Ä¶ https:\/\/t.co\/d2aDeJ2DnF"
"1157489682118086656","Sat Aug 03 03:13:39 +0000 2019",450,0,"RT @blueorigin: BE-4 continues to rack up time on the test stand. Here‚Äôs a great shot of our full power engine test today #GradatimFerocite‚Ä¶"
"1145345436846157824","Sun Jun 30 14:56:46 +0000 2019",407,4936,"#Pride https:\/\/t.co\/mYq5XuA9Ks"
"1141770282773831681","Thu Jun 20 18:10:23 +0000 2019",427,4817,"So much fun with Caroline Kennedy yesterday at the #JFKSpaceSummit. Her father‚Äôs Rice speech still inspires. We cho‚Ä¶ https:\/\/t.co\/6ozBeRchyL"
"1141520394022576128","Thu Jun 20 01:37:25 +0000 2019",846,6239,"First hotfire of our #BE7 lunar landing engine just yesterday at Marshall Space Flight Center. Data looks great and‚Ä¶ https:\/\/t.co\/uNBDRJesww"
"1140285639071416320","Sun Jun 16 15:50:56 +0000 2019",956,19564,"Happy Father‚Äôs Day. You‚Äôre there for me always, and I feel it. I love you, Dad. https:\/\/t.co\/o85JWRSTBn"
"1138206602043936769","Mon Jun 10 22:09:35 +0000 2019",536,5464,"My mom‚Äôs incredible story. Wow. So grateful. So proud. #Grit https:\/\/t.co\/msi2nHqikf"
"1136707086933299200","Thu Jun 06 18:51:03 +0000 2019",1291,7635,"Got a chance to scout some of the cool tech at the first #reMARS event. @HaptX @Rivian @hseas @wyssinstitute https:\/\/t.co\/bvG5afbn50"
"1136489170841546752","Thu Jun 06 04:25:07 +0000 2019",551,3749,"Leo‚Äôs story is amazing and so is his mom. #AmazonFutureEngineer https:\/\/t.co\/QQPKg3GZ2T"
"1136474105220407298","Thu Jun 06 03:25:16 +0000 2019",455,3334,".@AmazonreMARS is all about bringing the best and brightest together, so it‚Äôs fitting that I got to meet Leo ‚Äî one‚Ä¶ https:\/\/t.co\/JRbs3woMFU"
"1133366998874804224","Tue May 28 13:38:44 +0000 2019",996,8547,"MacKenzie is going to be amazing and thoughtful and effective at philanthropy, and I‚Äôm proud of her. Her letter is‚Ä¶ https:\/\/t.co\/YoohADeiiG"
"1133007488721117184","Mon May 27 13:50:10 +0000 2019",333,3662,"Grateful on this #MemorialDay to the fallen servicemen and women ‚Äî and their families ‚Äî for the ultimate sacrifice‚Ä¶ https:\/\/t.co\/JndCoiffsi"
"1131446048386240513","Thu May 23 06:25:33 +0000 2019",255,2178,"Great annual shareholder meeting today. #Amazon https:\/\/t.co\/g9keKvGyq0"
"1129010348286046208","Thu May 16 13:06:57 +0000 2019",2078,8484,"My dad‚Äôs journey to the U.S. shows how people come together to help each other. We got a chance to celebrate him la‚Ä¶ https:\/\/t.co\/CAfhQjKZSF"
"1128828279329181696","Thu May 16 01:03:29 +0000 2019",2293,16310,"At the Statue of Liberty, where my dad‚Äôs being honored with a Liberty Star as part of the new museum‚Äôs opening. Whe‚Ä¶ https:\/\/t.co\/UmvanhEXBJ"
"1128409227481964544","Tue May 14 21:18:19 +0000 2019",1989,12125,"We‚Äôre investing $1.5 billion in our new air hub to get you your packages faster. Three million square feet, and it‚Äô‚Ä¶ https:\/\/t.co\/rKi5q2mnNh"
"1127573586716385280","Sun May 12 13:57:47 +0000 2019",654,11647,"I‚Äôm lucky enough to call her my mom. She‚Äôs kind, patient, supportive, and has always encouraged me to stay curious.‚Ä¶ https:\/\/t.co\/CyamOqB6UN"
"1126634588560748545","Thu May 09 23:46:32 +0000 2019",817,4894,"Blue Origin is building the infrastructure needed to unleash the next generation of dreamers. I met these young peo‚Ä¶ https:\/\/t.co\/2hYFAOaUDH"
"1126620848931131394","Thu May 09 22:51:56 +0000 2019",1720,0,"RT @blueorigin: Today, our founder shared our vision to go to space to benefit Earth. We must return to the Moon‚Äîthis time to stay. We‚Äôre r‚Ä¶"
"1124115283554078720","Fri May 03 00:55:43 +0000 2019",408,3566,"Congrats to the whole @blueorigin team! https:\/\/t.co\/71S53Ucl5l"
"1116317620670582789","Thu Apr 11 12:30:35 +0000 2019",221,3715,"Been an honor &amp; pleasure having Tom Alberg on Amazon‚Äôs Board. Tom joined in 1996 and has been with us ever since -‚Ä¶ https:\/\/t.co\/QXJ1YF5ORB"
"1113851402965487616","Thu Apr 04 17:10:43 +0000 2019",1349,11454,"https:\/\/t.co\/oFGWPkK3dB"
"1113851382698635264","Thu Apr 04 17:10:38 +0000 2019",4473,0,"RT @mackenziebezos: https:\/\/t.co\/OJWn3OOLS6"
"1107991131147534336","Tue Mar 19 13:04:05 +0000 2019",1127,7461,"Thank you @FestoAG, but bigger please‚Ä¶. I want to get on! #ThinkBig #MARS2019 https:\/\/t.co\/uXqvkf623B"
"1093643321732464646","Thu Feb 07 22:51:01 +0000 2019",25232,89318,"I‚Äôve written a post about developments with the National Enquirer and its parent company, AMI. You can find it here: https:\/\/t.co\/G1ykJAPPwy"
"1092255287472320512","Mon Feb 04 02:55:28 +0000 2019",6422,29334,"Grateful for the journalists at the @washingtonpost and around the world who do the work, no matter the risk or dan‚Ä¶ https:\/\/t.co\/v07zUatPKZ"
"1083004911380393985","Wed Jan 09 14:17:46 +0000 2019",6325,33672,"https:\/\/t.co\/Gb10BDb0x0"
"1080261240423964672","Wed Jan 02 00:35:24 +0000 2019",699,6843,"I have outstanding news to ring in 2019. Former Alexa VP &amp; long-time Amazonian Mike George has agreed to lead the D‚Ä¶ https:\/\/t.co\/pePgyk8DDM"
"1064882081249951744","Tue Nov 20 14:04:07 +0000 2018",1111,7714,"Excited to announce the first annual grants from the Bezos Day 1 Families Fund. $97.5 million to 24 organizations d‚Ä¶ https:\/\/t.co\/4PGfmoYfpQ"
"1062120332251684864","Mon Nov 12 23:09:55 +0000 2018",1249,9267,"Had the privilege today of unveiling our newest Amazon Air 767 - \"Valor\" - named in honor of the thousands of Amazo‚Ä¶ https:\/\/t.co\/2cBMYGm5Au"
"1058012110947373057","Thu Nov 01 15:05:18 +0000 2018",2249,12198,"Yep, that‚Äôs me. I was lucky to be exposed to tech and coding at a young age. Inspired a lifelong love of invention.‚Ä¶ https:\/\/t.co\/JnR86cB0B6"
"1054739581533188096","Tue Oct 23 14:21:27 +0000 2018",429,2853,"Amazon just won The American Foundation for the Blind‚Äôs Helen Keller award! Huge kudos to the whole team on working‚Ä¶ https:\/\/t.co\/yjmiCRuLAM"
"1051983010722013184","Mon Oct 15 23:47:49 +0000 2018",1581,11101,"Very sad to hear of Paul Allen‚Äôs passing. His passion for invention and pushing forward inspired so many. He was re‚Ä¶ https:\/\/t.co\/2WrsMNzyrt"
"1050136574090825728","Wed Oct 10 21:30:44 +0000 2018",712,4461,"Thank you to the @usairforce for your confidence in the @BlueOrigin team and our #NewGlenn rocket. We are proud to‚Ä¶ https:\/\/t.co\/adT4X9LZwL"
"1047152109508997121","Tue Oct 02 15:51:32 +0000 2018",3557,19834,"Thank you @SenSanders. We‚Äôre excited about this, and also hope others will join in. https:\/\/t.co\/kasWkkOhWo"
"1045423889856192512","Thu Sep 27 21:24:13 +0000 2018",486,2812,"Big win for @BlueOrigin today! And a big thank you to @ulalaunch for choosing our BE-4 engine. Excited to be a part‚Ä¶ https:\/\/t.co\/MF5sjDzSXc"
"1042108453295013888","Tue Sep 18 17:49:51 +0000 2018",238,2327,"Incredible work from the whole @MaiselTV team for 8 #Emmys wins, including Outstanding Comedy Series. Woohoo! https:\/\/t.co\/mfAwDkVX6s"
"1040253796293795842","Thu Sep 13 15:00:06 +0000 2018",6542,25472,"https:\/\/t.co\/2GlgjztK1u"
"1039971302042468354","Wed Sep 12 20:17:34 +0000 2018",175,0,"RT @davehclark: Teams working to get ready for Florence forward deploying relief supplies in our FCs closer to expected areas of impact, wo‚Ä¶"
"1019742477018730496","Thu Jul 19 00:35:27 +0000 2018",402,2678,"Super proud of the entire Blue Team who came together and made it happen #nevergetsold #gradatimferociter https:\/\/t.co\/f6e2pdnwGn"
"1019737114093629441","Thu Jul 19 00:14:08 +0000 2018",247,2115,"Appreciate the support, Mr. Vice President. I‚Äôm thrilled to report from West Texas that the team nailed it today‚Ä¶ https:\/\/t.co\/lXoGcokJ74"
"1019641106533937152","Wed Jul 18 17:52:38 +0000 2018",541,4077,"Crew Capsule looks great even after it was pushed hard by the escape test. Astronauts would have had an exhilaratin‚Ä¶ https:\/\/t.co\/XxBJRk4g62"
"1013467826999267328","Sun Jul 01 17:02:13 +0000 2018",372,3670,"Wishing @SpecialOlympics tennis competitor (and Amazonian!) Leonard Flowers luck in the @2018USAGames this week! Gr‚Ä¶ https:\/\/t.co\/NIvKyhkVHy"
"1008348645605797890","Sun Jun 17 14:00:25 +0000 2018",2950,26041,"My dad came here from Cuba all by himself without speaking English when he was 16 years old, and has been kicking a‚Ä¶ https:\/\/t.co\/pbBejaKhPQ"
"1007077455146860544","Thu Jun 14 01:49:10 +0000 2018",1391,11170,"https:\/\/t.co\/phDTXHElBp"
"1001187602622439427","Mon May 28 19:45:00 +0000 2018",605,5540,"I‚Äôm enjoying this day with my kids but also remembering. Remembering the many sons and daughters who have given up‚Ä¶ https:\/\/t.co\/O0Bbr5yrIB"
"996609529323245568","Wed May 16 04:33:22 +0000 2018",363,2918,"Tom Wolfe was an amazing journalist and author. Thank you for showing us all what it took to have ‚ÄúThe Right Stuff‚Äù. https:\/\/t.co\/ObMeU4S92S"
"995680729106341888","Sun May 13 15:02:39 +0000 2018",537,8183,"You shaped us, you protected us, you let us fall, you picked us up, and you LOVED us, always and unconditionally. T‚Ä¶ https:\/\/t.co\/EAJekB5W7R"
"992765968182001665","Sat May 05 14:00:26 +0000 2018",13926,41059,"Love this quote. It‚Äôs been on my fridge for years, and I see it every time I open the door. #Emerson https:\/\/t.co\/kN8HjM4bOI"
"991799694664679425","Wed May 02 22:00:48 +0000 2018",1198,7248,"üòÄ @ConanOBrien @BlueOrigin https:\/\/t.co\/x3BiCpaLQA"
"990755397542723584","Mon Apr 30 00:51:08 +0000 2018",1974,7363,"Highlights from today‚Äôs mission. Don‚Äôt miss the Nerf ball doing a few backflips in zero gravity. #GradatimFerociter‚Ä¶ https:\/\/t.co\/2k65etKuHb"
"990692677963284480","Sun Apr 29 20:41:55 +0000 2018",451,3781,"The lucky boots worked again. Huge kudos and thanks to the entire @BlueOrigin team. #GradatimFerociter https:\/\/t.co\/P9cUqRNbYv"
"990663519900184577","Sun Apr 29 18:46:03 +0000 2018",436,3178,"Apogee of 351,000 feet (66 miles, 107 kilometers), and that‚Äôs the altitude we‚Äôve been targeting for operations. One‚Ä¶ https:\/\/t.co\/rzXSTjh6Of"
"989851170545029120","Fri Apr 27 12:58:04 +0000 2018",1182,5615,"Launch preparations are underway for New Shepard‚Äôs 8th test flight, as we continue our progress toward human spacef‚Ä¶ https:\/\/t.co\/06mpFFOGEs"
"988154007813173248","Sun Apr 22 20:34:09 +0000 2018",1262,8627,"Dog sledding above the Arctic Circle in Norway. Jim Lovell says it‚Äôs not that you go to heaven when you die, but ‚Äúy‚Ä¶ https:\/\/t.co\/RMzvR6gPaF"
"987494749559926784","Sat Apr 21 00:54:29 +0000 2018",301,2478,"Honored to speak at @TheBushCenter Forum on Leadership tonight with Ken Hersh. The spirit of former First Lady Barb‚Ä¶ https:\/\/t.co\/QMesSS9bla"
"986547483743436801","Wed Apr 18 10:10:23 +0000 2018",928,4770,"At @BestBuy catching up with CEO Hubert Joly and announcing our collaboration on the next generation of smart TVs.‚Ä¶ https:\/\/t.co\/nDSF6XZFa3"
"986016459351515136","Mon Apr 16 23:00:17 +0000 2018",3817,16006,"Great reporting requires patience, grit and a willingness to follow a story wherever it leads, whether Alabama or M‚Ä¶ https:\/\/t.co\/5TNlXLfffS"
"985682558405885952","Mon Apr 16 00:53:29 +0000 2018",401,4501,"I love Dwayne Johnson @TheRock. Still working on my smolder https:\/\/t.co\/8GmuZIyFwK https:\/\/t.co\/WyckQV6rrY"
"985664806567927808","Sun Apr 15 23:42:57 +0000 2018",543,8374,"Very comfortable on my kids‚Äô giant panda doing email and putting final touches on this year‚Äôs annual shareholder le‚Ä¶ https:\/\/t.co\/GWi7fEefH4"
"985300754134007809","Sat Apr 14 23:36:20 +0000 2018",578,5906,"I made pancakes on this rainy Seattle morning for @ciara and @DangeRussWilson. These guys are as fun as they are ta‚Ä¶ https:\/\/t.co\/NkQ5Rkt0Rf"
"981311629022314496","Tue Apr 03 23:24:58 +0000 2018",2133,16708,"Horrible and truly tragic day for YouTube and Google. We are wishing all our very best for the injured and all those affected."
"975847153468768256","Mon Mar 19 21:31:06 +0000 2018",7083,28533,"Taking my new dog for a walk at the #MARS2018 conference. #BostonDynamics https:\/\/t.co\/vE6CXrvV3o"
"974344409377460224","Thu Mar 15 17:59:44 +0000 2018",162,1071,"Thank you to the @NatReconOfc for having me over to speak. You don‚Äôt want to even imagine the world without these p‚Ä¶ https:\/\/t.co\/X94rr9Entk"
"973696994332983299","Tue Mar 13 23:07:08 +0000 2018",1072,4901,"New test video of Blue‚Äôs 550K lbf thrust, ox-rich staged combustion, LNG-fueled BE-4 engine. The test is a mixture‚Ä¶ https:\/\/t.co\/ui39I7rJao"
"972561435036344320","Sat Mar 10 19:54:50 +0000 2018",899,8876,"Kirk or Picard? Picard! #FinalFrontier #GoBoldly https:\/\/t.co\/mEohTVuKIs"
"966312919079112705","Wed Feb 21 14:05:27 +0000 2018",1405,5184,"Happy to announce that Amazon Studios is adapting Iain M. Banks‚Äô amazing Culture series ‚Äî a huge personal favorite‚Ä¶ https:\/\/t.co\/iMESIiiT2O"
"965957024109379602","Tue Feb 20 14:31:15 +0000 2018",3699,10679,"Installation has begun‚Äî500 ft tall, all mechanical, powered by day\/night thermal cycles, synchronized at solar noon‚Ä¶ https:\/\/t.co\/8pLA41nGZN"
"961033484536971264","Wed Feb 07 00:26:52 +0000 2018",416,4562,"@elonmusk @SpaceX @blueorigin Woohoo! üöÄüöÄüöÄ"
"960521086298238976","Mon Feb 05 14:30:47 +0000 2018",2596,24961,"Best of luck @SpaceX with the Falcon Heavy launch tomorrow ‚Äì hoping for a beautiful, nominal flight! @BlueOrigin #GradatimFerociter"
"959796196247142400","Sat Feb 03 14:30:19 +0000 2018",3011,14963,"The stunning Perito Moreno Glacier in Patagonia. We‚Äôve sent robotic probes to every planet in this solar system. Ea‚Ä¶ https:\/\/t.co\/OUrv1OUVXC"
"950156231414394881","Mon Jan 08 00:04:33 +0000 2018",298,2820,"Wishing best of luck tonight to THE MARVELOUS MRS MAISEL, Rachel Brosnahan, Kevin Bacon, and to the whole cast and‚Ä¶ https:\/\/t.co\/JyhA5xOmX6"
"946109222135128064","Wed Dec 27 20:03:11 +0000 2017",759,3707,"Turns out our Amazon fulfillment center associates in Madrid can dance‚Ä¶ And one got a big surprise at the end! Love‚Ä¶ https:\/\/t.co\/bcLZSLN1ve"
"941467037905272833","Fri Dec 15 00:36:48 +0000 2017",643,2910,"First use of our landing pad bot #Blue2D2. @blueorigin https:\/\/t.co\/Ht2P7yVwEs"
"941465587049406464","Fri Dec 15 00:31:02 +0000 2017",739,2410,"Full video of Mannequin Skywalker‚Äôs ride to space. Unlike him, you‚Äôll be able to get out of your seat during the ze‚Ä¶ https:\/\/t.co\/a2uPiPTfFJ"
"940792988095139841","Wed Dec 13 03:58:22 +0000 2017",1889,6077,"#NewShepard had a successful first flight of Crew Capsule 2.0 today. Complete with windows and our instrumented tes‚Ä¶ https:\/\/t.co\/dh5G80crSa"
"936360685788733440","Thu Nov 30 22:25:58 +0000 2017",609,2482,"Of all the news coming out of AWS #reInvent this week, I hope you didn‚Äôt miss this one. Set a Guinness World Record‚Ä¶ https:\/\/t.co\/ZXBEWl6hnV"
"932270037657726976","Sun Nov 19 15:31:12 +0000 2017",2006,9564,"Ten years ago today, we launched the first-ever Kindle. Happy 10th birthday @AmazonKindle and thank you to all the‚Ä¶ https:\/\/t.co\/TLYTGWVhc1"
"930134795304148992","Mon Nov 13 18:06:30 +0000 2017",3419,8622,"Amazon Prime heads to Middle Earth. https:\/\/t.co\/QowUmf8t3S https:\/\/t.co\/YVciEX3u2t"
"929139251152699392","Sat Nov 11 00:10:34 +0000 2017",112,1031,"Thank you and your boys for your service, Casey! https:\/\/t.co\/1OhL3D4ijJ"
"928623239110082560","Thu Nov 09 14:00:07 +0000 2017",1015,5625,"Thank you to the 17,500 veterans and military spouses now working at Amazon. We set a goal last year to hire 25,000‚Ä¶ https:\/\/t.co\/1mBCyrFvuc"
"926509741932720128","Fri Nov 03 18:01:50 +0000 2017",401,1799,"Congrats to the @BestBuy team on their new Alexa skill. Customers can now find and shop Best Buy deals on Alexa. Ni‚Ä¶ https:\/\/t.co\/lKwYujIaKR"
"921439650287423489","Fri Oct 20 18:15:06 +0000 2017",511,2909,"And the winner for best news website is ‚Ä¶ @WashingtonPost. And more. Big congrats to the whole team! #DMNA17 https:\/\/t.co\/BtridtXjeM"
"921114359119560704","Thu Oct 19 20:42:31 +0000 2017",746,3019,"First hotfire of our BE-4 engine is a success. Huge kudos to the whole @BlueOrigin team for this important step!‚Ä¶ https:\/\/t.co\/YZEVT60TlI"
"920999561564274688","Thu Oct 19 13:06:21 +0000 2017",4639,17293,"Fun day christening Amazon‚Äôs latest wind farm. #RenewableEnergy https:\/\/t.co\/cTxeXdsFop"
"915975473573720065","Thu Oct 05 16:22:25 +0000 2017",644,3285,"Long my favorite novel. Teaches pain of regret so well you will think you lived it. Congrats, Mr. Ishiguro, so earn‚Ä¶ https:\/\/t.co\/mlCeIVTbBi"
"915046109298520064","Tue Oct 03 02:49:27 +0000 2017",3611,16515,"Amazon plane packed with donation of critical supplies landed earlier today in San Juan. Thank you to all the Amazo‚Ä¶ https:\/\/t.co\/QAAthzlznu"
"914951991431880704","Mon Oct 02 20:35:28 +0000 2017",413,2889,"Thoughts with all those affected in Las Vegas. So much gratitude to all the police &amp; good Samaritans who put their lives on the line to help"
"911304409803522048","Fri Sep 22 19:01:17 +0000 2017",574,3130,"Future engineer, 9-year-old Ryan, signs Amazon gold robot he helped build at another \"30 Days, 30 Smiles\" event‚Ä¶ https:\/\/t.co\/wuOjPzaKoL"
"908124621391618050","Thu Sep 14 00:25:56 +0000 2017",456,2434,".@Amazon supporting ‚Äú30 Days, 30 Smiles‚Äù with @Accorg. Today, a surprise visit to @BlueOrigin. #BeatPediatricCancer https:\/\/t.co\/RErtOuuJDm"
"902898556456943616","Wed Aug 30 14:19:25 +0000 2017",1855,4146,"Alexa has made a new friend https:\/\/t.co\/r7o46eVJq0"
"901865101761884161","Sun Aug 27 17:52:50 +0000 2017",253,2034,"https:\/\/t.co\/LvRG16ZhbF"
"895714205822730241","Thu Aug 10 18:31:22 +0000 2017",1222,5411,"A pleasure to host #SecDef James Mattis at Amazon HQ in Seattle today https:\/\/t.co\/JnQZoSOnFN"
"895324443500609536","Wed Aug 09 16:42:36 +0000 2017",230,2189,"Couldn‚Äôt happen to a nicer guy. Congratulations @jeffreytambor! https:\/\/t.co\/543RCTusqX"
"893628626725294080","Sat Aug 05 00:24:02 +0000 2017",85,621,"Awesome! Good luck this weekend @JimmyShane1! https:\/\/t.co\/EFor5kuYLn"
"892774250272112641","Wed Aug 02 15:49:02 +0000 2017",776,3549,"Incredible turnout to see the first booster ever to fly into space and land vertically upon the Earth. #BlueOrigin‚Ä¶ https:\/\/t.co\/Vzw0UfFwhc"
"886779647660179457","Mon Jul 17 02:48:38 +0000 2017",159,1284,"Mike Collins cracking us all up last night. https:\/\/t.co\/bnpHp0ZCK4"
"886779328096116736","Mon Jul 17 02:47:22 +0000 2017",271,1784,"Huge thanks from the whole @BlueOrigin team, Buzz https:\/\/t.co\/LRKyd5ncil"
"884475655148011520","Mon Jul 10 18:13:23 +0000 2017",523,2072,"Going to Oshkosh? Come sit inside @BlueOrigin‚Äôs crew capsule and enjoy a simulated ride to space @EAA #OSH17‚Ä¶ https:\/\/t.co\/jdK8wRb3BK"
"882786853404893184","Thu Jul 06 02:22:41 +0000 2017",232,1056,"This is a gigantic compliment to our teams. Best of luck Haggler in your continuing adventures. #CustomerObsession https:\/\/t.co\/LyGg3aD5QM"
"879046517285310464","Sun Jun 25 18:39:56 +0000 2017",3489,8183,"Terrific meeting with @narendramodi. Always impressed, energized by optimism and invention in India. Excited to kee‚Ä¶ https:\/\/t.co\/Q3Hwq91TLC"
"876806972619673600","Mon Jun 19 14:20:47 +0000 2017",173,1136,"Amazing to share this moment with the @BlueOrigin team and my family. https:\/\/t.co\/1fgM9jExs9"
"876568434397429760","Sun Jun 18 22:32:55 +0000 2017",159,3015,"And here‚Äôs me and my dad. I‚Äôm a very lucky son. I love you, Dad. #FathersDay https:\/\/t.co\/mEBsN88DLG"
"876567491941498880","Sun Jun 18 22:29:10 +0000 2017",202,2737,"Flipping pancakes, Lego Saturn V, Wonder Woman matinee. Love being a dad. #FathersDay https:\/\/t.co\/L9Q7zW1p0A"
"875418348598603776","Thu Jun 15 18:22:53 +0000 2017",9458,21601,"Request for ideas‚Ä¶ https:\/\/t.co\/j6D68mhseL"
"875012301836832768","Wed Jun 14 15:29:24 +0000 2017",734,2958,"Rooftop #solar panels at our 1 million-square-foot fulfillment center in Baltimore now live. 50+ solar FCs will com‚Ä¶ https:\/\/t.co\/aycX1O9PFh"
"874337020117569536","Mon Jun 12 18:46:04 +0000 2017",204,931,"Congrats to Jeff on his long-term leadership. John, you have size 20 shoes to fill! GE remains an American gem. https:\/\/t.co\/oFF4yp9J4e"
"866004720984272896","Sat May 20 18:56:29 +0000 2017",165,1008,"Super fun morning talking rockets with a very cool group of students. Great questions. Thx to all the students and‚Ä¶ https:\/\/t.co\/ge8qGNduiQ"
"863867801181855744","Sun May 14 21:25:08 +0000 2017",431,4990,"I won the lottery with my mom. Thanks for literally everything, Mom. https:\/\/t.co\/gEuVgxotdw"
"860284449195343873","Fri May 05 00:06:10 +0000 2017",582,2136,"First plant in the ground at #TheSpheres, 39,999 to go. Public tours start 2018. https:\/\/t.co\/6Jgo4cLb7o"
"848316838446456833","Sat Apr 01 23:31:09 +0000 2017",116,820,"Thanks @TheRealBuzz! That cute little guy is the future! https:\/\/t.co\/nx75sAUYW8"
"847523788921032704","Thu Mar 30 18:59:52 +0000 2017",368,2208,"My parents rock. https:\/\/t.co\/uPAJ1SaR4p"
"847217297257185281","Wed Mar 29 22:41:58 +0000 2017",330,1345,"Impossible to express how personally meaningful this is. A dream. Huge kudos to @BlueOrigin team that worked so har‚Ä¶ https:\/\/t.co\/EUJ14L0gs8"
"843692770405617664","Mon Mar 20 05:16:46 +0000 2017",2194,5363,"I just got to pilot an awesome (and huge) robot thanks to Hankook Mirae Technology. Nice! #MARS2017 https:\/\/t.co\/MvN6ghEYFi"
"841342440405577733","Mon Mar 13 17:37:23 +0000 2017",133,487,"Thanks LA Times for choosing WaPo's Arc Publishing for your digital platform, and kudos to tech team at The Post! https:\/\/t.co\/zhHgVZvXh1"
"840223951842295809","Fri Mar 10 15:32:55 +0000 2017",239,1234,"OK. Definitely want to buy a bottle of this‚Ä¶ https:\/\/t.co\/saLQyiaV2c"
"839468386530824193","Wed Mar 08 13:30:34 +0000 2017",254,909,"Adding to the #NewGlenn launch manifest. Agreement with #OneWeb for five launches initially. Happy to work with you‚Ä¶ https:\/\/t.co\/sLqBmrcH4X"
"839112645957541890","Tue Mar 07 13:56:59 +0000 2017",308,1094,"Excited to announce we have signed our 1st #NewGlenn customer. Welcome to the launch manifest @Eutelsat_SA https:\/\/t.co\/fTeKKneYnJ"
"838748973598900225","Mon Mar 06 13:51:53 +0000 2017",610,1968,"Here‚Äôs one more shot of BE-4 in its transport cradle. https:\/\/t.co\/T2HdZ3UtQZ"
"838748139964272640","Mon Mar 06 13:48:34 +0000 2017",576,1638,"1st BE-4 engine fully assembled. 2nd and 3rd following close behind. #GradatimFerociter https:\/\/t.co\/duE4Tnzvkx"
"838155386100183040","Sat Mar 04 22:33:10 +0000 2017",50,0,"RT @amazonnews: Kudos Palm Coast STEM--new record for tallest self-supporting toy tower. 5k pieces, 14‚Äô1‚Äù tall using exclusive toy from Ama‚Ä¶"
"836970483992117249","Wed Mar 01 16:04:48 +0000 2017",161,0,"RT @amazonnews: Very cool. 7-year-old boy starts own food pantry to help hungry kids https:\/\/t.co\/vrjyByOAyX"
"836077114667446272","Mon Feb 27 04:54:52 +0000 2017",249,1103,"Congrats to Casey Affleck on his Best Actor win. So earned. #ManchesterByTheSea #Oscars @AmazonStudios @MBTSMovie"
"836072024577560584","Mon Feb 27 04:34:38 +0000 2017",138,677,"Bravo to Kenny Lonergan on his well-deserved #Oscars win for Best Original Screenplay @AmazonStudios @MBTSMovie"
"836049259430555648","Mon Feb 27 03:04:11 +0000 2017",592,2012,"#TheSalesman takes home the Oscar for Best Foreign Language Film. Well done Asghar Farhadi and team @AmazonStudios #Oscars"
"833113864669519872","Sun Feb 19 00:39:58 +0000 2017",196,827,"Excited to share our urban campus with this terrific organization @FareStart https:\/\/t.co\/SNJkMK6hz5"
"831586053915963393","Tue Feb 14 19:29:00 +0000 2017",106,704,"Love this story https:\/\/t.co\/PwXQSZ9Xaw of not 1, but 4 couples, who met @ Amazon FC in KY. Love is in the air‚Ä¶ Hap‚Ä¶ https:\/\/t.co\/uRB9H3888j"
"829098772416192512","Tue Feb 07 22:45:25 +0000 2017",428,1821,"And on the NYPost article, if anybody knows how to get 20% margins in groceries, call me! :)"
"829054770308485120","Tue Feb 07 19:50:34 +0000 2017",437,1033,".@nypost, whoever your anonymous sources are on this story https:\/\/t.co\/VFyzGQcOAZ ‚Äì they‚Äôve mixed up their meds!"
"827213980384964608","Thu Feb 02 17:55:56 +0000 2017",412,1895,"Buzz Aldrin dropped by Blue Origin HQ to say hi to the team yesterday. Thanks @TheRealBuzz! https:\/\/t.co\/JiCdI77ij6"
"826235003260383232","Tue Jan 31 01:05:50 +0000 2017",128,0,"RT @RoyPrice: Asghar Farhadi, @AmazonStudios understands and supports your decision not to attend the Oscars."
"817088724840239105","Thu Jan 05 19:21:47 +0000 2017",413,1031,"I agree we need a superhighway in space. https:\/\/t.co\/iEVk7nP3aA"
"809034847121350657","Wed Dec 14 13:58:33 +0000 2016",6096,7323,"First-ever #AmazonPrimeAir customer delivery is in the books. 13 min‚Äîclick to delivery. Check out the video:‚Ä¶ https:\/\/t.co\/mqKIkcbzLN"
"807367277104377856","Fri Dec 09 23:32:13 +0000 2016",405,1347,"The Spheres‚Äô first snow‚Ä¶ thanks @mAColors for the great pic https:\/\/t.co\/WnOtTAixjU"
"806976159166570496","Thu Dec 08 21:38:03 +0000 2016",395,1614,"Thank you, John Glenn. Godspeed."
"806740517711003648","Thu Dec 08 06:01:42 +0000 2016",187,654,"Late Late Show‚Äôs @JKCorden on Amazon Go ‚Äì very funny! https:\/\/t.co\/OOw3eV2l1x"
"804428649302634496","Thu Dec 01 20:55:10 +0000 2016",170,694,"So proud of my brother https:\/\/t.co\/qIRKtbamXs, and here‚Äôs his TED talk https:\/\/t.co\/tYCodFJXoe."
"799333890045317121","Thu Nov 17 19:30:24 +0000 2016",1754,3002,"Love this TV commercial for Amazon Prime. Very proud of our ad team. https:\/\/t.co\/E8ceXs4nte"
"799295335755436032","Thu Nov 17 16:57:12 +0000 2016",2981,7711,"Long wait is over‚Ä¶ Clarkson, Hammond, May are back‚Ä¶ #TheGrandTour premieres tonight in UK, US, DE, JP. And globally‚Ä¶ https:\/\/t.co\/gXni6fiEYz"
"796729498075099136","Thu Nov 10 15:01:29 +0000 2016",1857,5059,"Congratulations to @realDonaldTrump. I for one give him my most open mind and wish him great success in his service to the country."
"792751030647689216","Sun Oct 30 15:32:28 +0000 2016",152,664,"https:\/\/t.co\/U6VjlywrI3"
"789613513102663680","Fri Oct 21 23:45:06 +0000 2016",80,417,"Visiting Raisbeck Aviation High School today was so inspiring for me. Awesome students. https:\/\/t.co\/zUGMXoNqLT"
"785572979140808704","Mon Oct 10 20:09:28 +0000 2016",199,867,"Stenciling the 7th and final tortoise onto this hardy and stalwart New Shepard capsule. #GradatimFerociter https:\/\/t.co\/ciB6rbNPqP"
"784078556984844288","Thu Oct 06 17:11:10 +0000 2016",100,484,"Steering through violent MaxQ escape forces is a residual capability, not explicitly engineered. Just a very robust booster. #InFlightEscape"
"784078159733854208","Thu Oct 06 17:09:35 +0000 2016",198,461,"Here‚Äôs escape vid in slow mo. #InFlightEscape https:\/\/t.co\/MrKRiHZu8Y"
"783867231620870144","Thu Oct 06 03:11:26 +0000 2016",232,1355,"Reflecting on an incredible day. Toasting all 800 of the passionate, brilliant folks at Blue Origin.‚Ä¶ https:\/\/t.co\/q2Bhekkcft"
"783756911866843136","Wed Oct 05 19:53:03 +0000 2016",318,0,"RT @blueorigin: Moment of separation. #InFlightEscape #GradatimFerociter https:\/\/t.co\/mZrtmTm1i4"
"783733480324816896","Wed Oct 05 18:19:57 +0000 2016",2515,4547,"That is one hell of a booster. #InFlightEscape #GradatimFerociter https:\/\/t.co\/7ZRRe2HnMO"
"783651796627562496","Wed Oct 05 12:55:22 +0000 2016",169,0,"RT @blueorigin: Everything looking good this morning for #InFlightEscape. Live webcast at 10:45 am ET #GradatimFerociter"
"783024195055685633","Mon Oct 03 19:21:30 +0000 2016",166,0,"RT @blueorigin: Weather no-go for tomorrow‚Äôs New Shepard #InFlightEscape test. Webcast now Wednesday 10:45 am ET. #GradatimFerociter"
"781492263817998337","Thu Sep 29 13:54:09 +0000 2016",117,326,"And here are the details of the escape test https:\/\/t.co\/LDnJMjhtQ3 #GradatimFerociter"
"781491928021991424","Thu Sep 29 13:52:49 +0000 2016",209,0,"RT @blueorigin: Dramatic New Shepard #InFlightEscape test Tuesday, Oct 4. Live webcast starts at 10:50 am ET at https:\/\/t.co\/WAB1OxL9Dd #Gr‚Ä¶"
"780348813450051585","Mon Sep 26 10:10:29 +0000 2016",323,799,"And here‚Äôs the #NewGlenn descent configuration. #GradatimFerociter https:\/\/t.co\/nYSgZ4TzKA"
"780348452064595968","Mon Sep 26 10:09:03 +0000 2016",363,994,"Exciting results from 3 weeks of wind tunnel testing of #NewGlenn at transonic &amp; supersonic speeds. Validated our C‚Ä¶ https:\/\/t.co\/OkHQ0G4di0"
"776560302062120963","Thu Sep 15 23:16:18 +0000 2016",57,318,".Thanks @TheRealBuzz &amp; @HeinleinPrize ‚Äì what a fun night! https:\/\/t.co\/l73vz2W2Oc"
"775324124935778304","Mon Sep 12 13:24:10 +0000 2016",1371,2406,"Blue Origin‚Äôs next step‚Ä¶meet New Glenn #NewGlenn #GradatimFerociter https:\/\/t.co\/p4gICKZRfi"
"756492625549537282","Fri Jul 22 14:14:31 +0000 2016",724,1215,".@matteorenzi excited to announce Amazon artificial intelligence &amp; machine learning center in Turin https:\/\/t.co\/jxa7VxWZHF"
"756490285698260992","Fri Jul 22 14:05:13 +0000 2016",229,590,"Grazie @matteorenzi for wonderful conversation at Palazzo Vecchio. https:\/\/t.co\/JGewdL8LAc"
"756144617049853952","Thu Jul 21 15:11:39 +0000 2016",194,436,"Cool new project from @smithsonian &amp; @autodesk lets you virtually explore Apollo 11 Command Module. https:\/\/t.co\/9fjWKWsguH"
"755798093216387072","Wed Jul 20 16:14:42 +0000 2016",392,1100,"Bucket list. Cast, crew and Justin Lin @trailingjohnson were amazing. #StarTrekBeyond https:\/\/t.co\/VJ95D8pQeK"
"755794420214050816","Wed Jul 20 16:00:06 +0000 2016",53,234,".@trailingjohnson Amazing experience. Thank you! https:\/\/t.co\/Aj3J88eqrw"
"744554127728869376","Sun Jun 19 15:35:11 +0000 2016",203,843,"Careful engineering plus of course ‚Ä¶ the lucky boots. Successful mission. #RocketsReused #GradatimFerociter https:\/\/t.co\/ON5lhfGPSK"
"744521272873279488","Sun Jun 19 13:24:38 +0000 2016",115,347,"Loading propellants. Looking good for this morning‚Äôs launch. #GradatimFerociter"
"744324811191525377","Sun Jun 19 00:23:58 +0000 2016",147,531,"Thanks @VirginGalactic! So agree space needs all of us. #GradatimFerociter https:\/\/t.co\/nlJsbWSv20"
"743805050254819328","Fri Jun 17 13:58:37 +0000 2016",48,193,"And of course ‚Äì development test flight ‚Äì anything can happen. #GradatimFerociter"
"743804334396170240","Fri Jun 17 13:55:47 +0000 2016",75,215,"Look for one-chute-out test starting about 7 minutes into flight + continue pushing envelope on booster. #GradatimFerociter"
"743803559150391298","Fri Jun 17 13:52:42 +0000 2016",84,286,"Watching a rocket launch (and rocket landing!) might add a little extra fun w\/ kids on Father's Day. #GradatimFerociter"
"743802731924594688","Fri Jun 17 13:49:25 +0000 2016",325,427,"New Shepard launch set for Sunday at 10:15 am ET. Live webcast starts at 9:45 am ET at https:\/\/t.co\/WTXblOKlvk #GradatimFerociter"
